"","cpg","trait","b_cis","se_cis","pval_cis","b_trans","se_trans","pval_trans","same_sign"
"1","cg12642815","Systemic lupus erythematosus",0.27763173659828,0.0289103789048477,2.80088e-18,-0.0904970947666644,0.278770381849023,0.745461483838932,FALSE
"2","cg04159302","Crohn's disease",0.313203609681859,0.037,2.8e-17,0.066193747884498,0.0683567456310669,0.332865998997418,TRUE
"3","cg04159302","Inflammatory bowel disease",0.185400146403552,0.0286,8.765e-11,-0.0393685163450523,0.0523124601673648,0.451711474079757,FALSE
"4","cg25256067","Mean cell volume",0.2296,0.0246,8.968e-22,0.00573558791155147,0.0595061423473231,0.923213625355812,TRUE
"5","cg25256067","Red blood cell count",-0.0175,0.0021,1.035e-17,0.00736411387881115,0.00511212047104911,0.149720219764217,FALSE
"6","cg25256067","Mean cell haemoglobin",0.0997,0.0096,6.345e-26,-0.00560864928339597,0.0235706863040062,0.811919727295941,FALSE
"7","cg27365627","Years of schooling",0.017,0.003,1.138e-10,0.0105848780198657,0.0317546340595971,0.738882680363527,TRUE
"8","cg11564239","Height",-0.019,0.0031,2.9e-10,0.00839839993684403,0.00979813325965137,0.391365938307552,FALSE
"9","cg18269503","Transferrin Saturation",-0.1049,0.0152,5.737e-12,0.543503468551129,0.243803525280047,0.0257960589949418,FALSE
"10","cg04157587","Waist-to-hip ratio",0.025,0.004,2.5e-10,-0.0116832568914525,0.0239228593491647,0.625286305140081,FALSE
"11","cg13879495","Inflammatory bowel disease",-0.131499173267521,0.0207,2.172e-10,0.115708253346037,0.135165784270826,0.391971826903088,FALSE
"12","cg13879495","Inflammatory bowel disease",-0.131499173267521,0.0207,2.172e-10,0.115708253346037,0.135165784270826,0.391971826903088,FALSE
"13","cg09682183","Crohn's disease",-0.156899454248532,0.0232,1.398e-11,0.0407065775840191,0.0636569145813685,0.522518343363104,FALSE
"14","cg24376776","Crohn's disease",0.198498337600494,0.0233,1.485e-17,0.0237931544774094,0.159932052697271,0.881734812865604,TRUE
"15","cg04849824","Years of schooling",0.016,0.003,7.463e-10,0.0106531158815063,0.00954340828865074,0.264302296366479,TRUE
"16","cg04849824","Years of schooling",0.016,0.003,7.463e-10,0.0106531158815063,0.00954340828865074,0.264302296366479,TRUE
"17","cg04849824","Years of schooling",0.016,0.003,7.463e-10,0.0106531158815063,0.00954340828865074,0.264302296366479,TRUE
"18","cg24087404","Waist-to-hip ratio",0.026,0.0039,3.6e-11,0.0128732804336865,0.0443412992715869,0.771569465555293,TRUE
"19","cg18303477","Birth weight",0.0232,0.0039,1.8e-09,-0.0324594527336269,0.049290280076989,0.510193396248432,FALSE
"20","cg25902889","Inflammatory bowel disease",0.167097929855798,0.0176,2.527e-21,0.128790485095092,0.0604755346888615,0.0332022103012818,TRUE
"21","cg25902889","Ulcerative colitis",0.157200310686694,0.0222,1.527e-12,0.133384290861059,0.0778122981711596,0.0864956596665862,TRUE
"22","cg25902889","Crohn's disease",0.188403027109823,0.0242,7.07e-15,0.0960968052404391,0.0802011379726404,0.230840127636918,TRUE
"23","cg13872898","Ulcerative colitis",-0.164296979881136,0.0242,1.03e-11,-0.00320591770894119,0.153125349932477,0.98329626426091,TRUE
"24","cg13872898","Crohn's disease",-0.166597825129016,0.0264,2.823e-10,-0.00122397996078242,0.0868904429009717,0.988760991607517,TRUE
"25","cg20276962","Years of schooling",-0.016,0.003,1.08e-09,0.00832691466994192,0.0166538293398838,0.617075077451974,FALSE
"26","cg16500987","Crohn's disease",-0.145603973858792,0.0227,1.502e-10,0.350138426862068,0.228745830480539,0.125846597587569,FALSE
"27","cg01550017","Height",-0.03,0.0036,3.5e-17,0.00108079238096342,0.0533526528102273,0.983837943708994,FALSE
"28","cg16820616","Height",-0.019,0.0031,1.5e-09,0.0570362536687382,0.0196062121986288,0.00362481438520609,FALSE
"29","cg19988492","Years of schooling",0.016,0.003,2.789e-10,-0.00467882986306626,0.0111329999569016,0.674290586911972,FALSE
"30","cg11282676","Years of schooling",0.016,0.002,3.344e-11,-0.0771340087701368,0.0385670043850684,0.0455002638963584,FALSE
"31","cg26092675","Years of schooling",0.016,0.003,6.94e-10,0.0140812232636926,0.0105390039937616,0.181514728581218,TRUE
"32","cg04740264","Schizophrenia",0.0861960446965716,0.0119,4.31e-13,-0.0203331924329316,0.0305076782741603,0.50509523183127,FALSE
"33","cg04740264","Years of schooling",0.023,0.003,1.82e-15,-0.00252507637449041,0.0218120031409592,0.907838432707183,FALSE
"34","cg05325934","Height",0.022,0.003,6.1e-13,0.0130728993893322,0.0245116863549979,0.593802857207703,TRUE
"35","cg19066391","Inflammatory bowel disease",0.110297309612573,0.0172,1.408e-10,0.221310547501035,0.136457252385622,0.10483962452853,TRUE
"36","cg20135002","Height",-0.024,0.0032,1.6e-13,0.0426680588166641,0.00803163460078384,1.08131426697045e-07,FALSE
"37","cg27354537","Crohn's disease",-0.170705287654215,0.025,8.537e-12,0.381046409692126,0.17237730336533,0.0270679145294112,FALSE
"38","cg27354537","Inflammatory bowel disease",-0.155905552048533,0.0181,7.745e-18,0.354839597036611,0.127801846061455,0.00549505825877655,FALSE
"39","cg27354537","Ulcerative colitis",-0.153500890985761,0.0228,1.653e-11,0.330532892850095,0.247606678173503,0.181905457984816,FALSE
"40","cg03654783","Crohn's disease",-0.186305482096265,0.0241,1.106e-14,-0.0656166349202549,0.204143390317359,0.747888912934402,TRUE
"41","cg03654783","Inflammatory bowel disease",-0.165794877797004,0.0176,4.229e-21,-0.185720966427002,0.147303465954486,0.207379062912886,TRUE
"42","cg03654783","Ulcerative colitis",-0.156595332223074,0.0222,1.673e-12,-0.241764805446083,0.184129332443108,0.189177472829196,TRUE
"43","cg23399028","Crohn's disease",-0.187197424540741,0.0242,1.067e-14,-0.125844331276018,0.354303525280622,0.722448815883283,TRUE
"44","cg23399028","Inflammatory bowel disease",-0.165098724898438,0.0177,8.742e-21,-0.305766049280479,0.254088496971849,0.228827730021844,TRUE
"45","cg23399028","Ulcerative colitis",-0.154504075597522,0.0223,4.13e-12,-0.348400602425808,0.315243337081533,0.269081640886906,TRUE
"46","cg08570034","Crohn's disease",0.166302263655026,0.0264,2.933e-10,-0.018732234872588,0.0997333202876411,0.851015220867295,FALSE
"47","cg08570034","Inflammatory bowel disease",0.161804174120998,0.0192,3.089e-17,0.0637877013205591,0.0928635176827982,0.492147436591976,TRUE
"48","cg08570034","Ulcerative colitis",0.162798890305091,0.0241,1.513e-11,0.110442490874846,0.0931342080447314,0.235684551778472,TRUE
"49","cg09504131","Ulcerative colitis",-0.164497355881476,0.0224,2.003e-13,0.509413282697161,0.207435126886585,0.0140582495858822,FALSE
"50","cg09504131","Crohn's disease",-0.192505234870468,0.0243,2.502e-15,-0.0610346146956232,0.195878026960047,0.7553483311795,TRUE
"51","cg09504131","Inflammatory bowel disease",-0.172497966645318,0.0177,2.227e-22,0.191724979957134,0.156169016956044,0.219568557044507,FALSE
"52","cg14581419","Years of schooling",0.022,0.003,2.249e-12,-0.00892563473535716,0.0178512694707143,0.617075077451974,FALSE
"53","cg03909886","Height",-0.038,0.0029,5.5e-38,0.0143370040823226,0.0226058851025209,0.5259401541613,FALSE
"54","cg03909886","Extreme height",0.15,0.025,1.3e-09,-0.0208829993085584,0.116911594407598,0.858234408027966,FALSE
"55","cg14628260","Triglycerides",0.0233,0.0036,1.902e-11,0.0349997996721992,0.0299340391933283,0.242310667451486,TRUE
"56","cg19685398","Hippocampus volume",53.9598,8.4107,1.403e-10,-51.9417916599716,66.9633438357983,0.43794090519573,FALSE
"57","cg14053842","Fasting glucose",0.033,0.0054,1.365e-09,-0.00109766629686016,0.00582011510489809,0.85040733100814,FALSE
"58","cg01020263","Inflammatory bowel disease",-0.111803449071387,0.0171,6.854e-11,-0.378631393286046,0.272803615376027,0.165159398212769,TRUE
"59","cg22833065","Rheumatoid arthritis",0.0953101798043249,0.0116505196003032,1.7e-11,-0.400349261661555,0.218451393618044,0.0668516979781019,FALSE
"60","cg08580836","Crohn's disease",-0.319406685034919,0.0393,4.22e-16,-0.00297499248864333,0.0828852794213908,0.971367762559947,TRUE
"61","cg08580836","Inflammatory bowel disease",-0.188995779953083,0.0301,3.404e-10,-0.0787906218421459,0.0614448311058927,0.19973791354408,TRUE
"62","cg04289045","Mean cell haemoglobin concentration",-0.0171,0.0041,1.348e-14,-0.00189166366522698,0.0177816384531337,0.915278497446585,TRUE
"63","cg10068917","Height",0.018,0.003,1.6e-09,-0.0483898688300831,0.0417154041638648,0.246048806102687,FALSE
"64","cg22376856","Years of schooling",-0.019,0.003,1.217e-10,0.0125414966771305,0.0250829933542609,0.617075077451974,FALSE
"65","cg17819053","Waist-to-hip ratio",-0.023,0.0038,2e-09,-0.0515822866427669,0.0381260379533494,0.176074423405835,TRUE
"66","cg19247228","Systemic lupus erythematosus",0.19062035960865,0.0295489325319188,2.06528e-11,-0.128176383767659,0.422504939394213,0.761605993295797,FALSE
"67","cg07398561","Rheumatoid arthritis",-0.105360515657826,0.014097622110982,1.2e-10,-0.167186010206244,0.172428700183787,0.332248392726496,TRUE
"68","cg26705561","Crohn's disease",0.166200643662899,0.0264,3.206e-10,-0.41837328095624,0.23696682464455,0.0774738520819778,FALSE
"69","cg26705561","Inflammatory bowel disease",0.16189773659741,0.0192,3.331e-17,-0.315183839124753,0.172837188932163,0.0682143685919798,FALSE
"70","cg26705561","Ulcerative colitis",0.162696913657655,0.0242,1.736e-11,-0.426215141918093,0.215850968983154,0.0483157592229375,FALSE
"71","cg06090867","Ulcerative colitis",0.144299458348308,0.0223,9.231e-11,0.118561612249881,0.154753471879542,0.443597666840898,TRUE
"72","cg27138204","Crohn's disease",-0.167401417703576,0.0265,2.721e-10,0.0500444658928161,0.173765733161806,0.773347026140213,FALSE
"73","cg27138204","Ulcerative colitis",-0.162601285830141,0.0242,1.979e-11,0.0765994053987189,0.161985005489819,0.636299076384419,FALSE
"74","cg16552454","Age at menopause",0.16,0.02,3.5e-10,-0.29502528366681,0.19668352244454,0.133614402537716,FALSE
"75","cg09416188","Crohn's disease",-0.163201515347676,0.0232,1.893e-12,-0.353507925895594,0.367427547880402,0.335991333373246,TRUE
"76","cg19610529","Height",0.034,0.0032,7e-26,-0.0498397047334249,0.0552277809208222,0.366823698716426,FALSE
"77","cg22134413","Inflammatory bowel disease",0.188601794751105,0.0292,1.001e-10,-0.121582304206311,0.272768790262622,0.655789453995548,FALSE
"78","cg18370025","Schizophrenia",-0.067305011010914,0.0109,6.143e-10,-0.0557225953882749,0.0863402177768585,0.518678367327967,TRUE
"79","cg09140281","Height",0.034,0.0032,1.3e-26,-0.186384488834327,0.0484599670969249,0.000119986440897799,FALSE
"80","cg00084347","Years of schooling",0.023,0.003,5.169e-14,0.0166566634149158,0.00832833170745791,0.0455002638963584,TRUE
"81","cg16286844","Age at menopause",0.14,0.02,6.1e-11,0.0420341855624342,0.0840683711248684,0.617075077451974,TRUE
"82","cg24764793","Birth weight",-0.0235,0.0037,2.2e-10,0.0948768091282468,0.0297960227014329,0.00145149405203598,FALSE
"83","cg03579900","Systemic lupus erythematosus",-0.198450938723838,0.0311486471430867,2.82389e-10,0.371946433809707,0.17330467765321,0.0318570556724407,FALSE
"84","cg00217306","Serum creatinine (eGFRcrea)",-0.0068,0.00092,8.5e-13,0.0101598253413137,0.00733765163539322,0.166170104682876,FALSE
"85","cg00217306","Serum creatinine (eGFRcrea)",-0.0068,0.00092,8.5e-13,0.0101598253413137,0.00733765163539322,0.166170104682876,FALSE
"86","cg00217306","Serum creatinine (eGFRcrea)",-0.0068,0.00092,8.5e-13,0.0101598253413137,0.00733765163539322,0.166170104682876,FALSE
"87","cg06507285","Schizophrenia",-0.0840013661662842,0.0132,2.204e-10,-0.288943642918697,0.0954244425696465,0.00246191483733564,TRUE
"88","cg11675917","Systemic lupus erythematosus",0.53062825106217,0.0495295955206524,4.50769e-28,0.265363072807815,1.02276801351286,0.79528359640577,TRUE
"89","cg00973876","Red blood cell count",-0.0171,0.0022,1.52e-16,0.000929269841144198,0.0221497284074266,0.966535363608043,FALSE
"90","cg00973876","Red blood cell count",-0.0171,0.0022,1.52e-16,0.000929269841144198,0.0221497284074266,0.966535363608043,FALSE
"91","cg00973876","Mean cell volume",0.1907,0.0252,3.393e-16,0.0274302344196604,0.119206040372188,0.818008038390054,TRUE
"92","cg00973876","Mean cell volume",0.1907,0.0252,3.393e-16,0.0274302344196604,0.119206040372188,0.818008038390054,TRUE
"93","cg00973876","Mean cell haemoglobin",0.0821,0.0099,3.457e-18,0.0378327584738387,0.0687419991168613,0.582073357911993,TRUE
"94","cg00973876","Mean cell haemoglobin",0.0821,0.0099,3.457e-18,0.0378327584738387,0.0687419991168613,0.582073357911993,TRUE
"95","cg03132015","Systemic lupus erythematosus",0.431782416425538,0.0398369211110415,1.40245e-21,0.108008316400074,0.332712554843361,0.745461483838932,TRUE
"96","cg03132015","Schizophrenia",-0.156595332223074,0.0178,1.425e-18,0.0988937391100572,0.119288780943886,0.407088565177442,FALSE
"97","cg21461856","Schizophrenia",0.0677988255644351,0.0109,5.802e-10,-0.0302017432256194,0.137471279958429,0.826108753493006,FALSE
"98","cg21461856","Schizophrenia",0.0677988255644351,0.0109,5.802e-10,-0.0302017432256194,0.137471279958429,0.826108753493006,FALSE
"99","cg27488364","Crohn's disease",-0.297193832824377,0.0232,1.341e-37,-0.290651576684245,0.282359194113641,0.303306684252207,TRUE
"100","cg27488364","Inflammatory bowel disease",-0.146599263674424,0.0169,3.618e-18,-0.139292474715333,0.201157857244359,0.488652539286819,TRUE
"101","cg22114489","Hip circumference",-0.034,0.0035,3.4e-22,-0.0320491134859109,0.040951645009775,0.433856933557041,TRUE
"102","cg22114489","Height",-0.078,0.0029,5.1e-155,-0.0462931639240935,0.0267075945715924,0.0830364393775582,TRUE
"103","cg22114489","Waist circumference",-0.021,0.0033,2.2e-10,-0.0267075945715924,0.0391711387050022,0.495353925990435,TRUE
"104","cg22114489","Extreme height",0.28,0.025,2.5e-28,-0.169148098953418,0.231465819620467,0.464920120624581,FALSE
"105","cg06200339","Total cholesterol",0.0499,0.007,3.159e-12,-0.00575160836421978,0.0128386684199232,0.654159666071162,FALSE
"106","cg06200339","LDL cholesterol",0.0452,0.0071,7.764e-10,0.000594401565020767,0.0128166570983056,0.963009553034892,TRUE
"107","cg15132013","Birth weight",-0.0348,0.0055,2.5e-10,-0.00349021022878597,0.00993367526654467,0.725324774655607,TRUE
"108","cg16974014","Inflammatory bowel disease",0.131396615608664,0.0208,2.802e-10,0.0726200174966327,0.0848318191213077,0.391971826903088,TRUE
"109","cg16974014","Inflammatory bowel disease",0.131396615608664,0.0208,2.802e-10,0.0726200174966327,0.0848318191213077,0.391971826903088,TRUE
"110","cg16974014","Systemic lupus erythematosus",0.2390169004705,0.0300466927694856,2.96884e-12,0.0357671469124205,0.109076765186608,0.742981204001798,TRUE
"111","cg16974014","Systemic lupus erythematosus",0.2390169004705,0.0300466927694856,2.96884e-12,0.0357671469124205,0.109076765186608,0.742981204001798,TRUE
"112","cg05389922","Hip circumference",-0.025,0.0037,9.3e-12,0.041837863512584,0.0289173468395801,0.147950562490078,FALSE
"113","cg05389922","Height",-0.075,0.0032,1.1e-121,0.0861367778200258,0.0190731436601486,6.29802972533433e-06,FALSE
"114","cg24358785","Systemic lupus erythematosus",0.262364264467491,0.0314368980673337,2.53625e-14,-0.174704297474709,0.265080298347284,0.509856087199507,FALSE
"115","cg22860181","Height",0.024,0.0031,1.5e-14,-0.0326816401719533,0.0247105084226964,0.185974874255209,FALSE
"116","cg14196790","Height",-0.033,0.0037,1.2e-18,0.0400191072736389,0.0308929908974364,0.19517863001305,FALSE
"117","cg13127506","Schizophrenia",0.0753022587095424,0.0117,1.239e-10,-0.338163148795877,0.0797664390138563,2.24101642208393e-05,FALSE
"118","cg20832320","Crohn's disease",0.165200829985537,0.0241,6.405e-12,0.0379624709986823,0.16646350665034,0.819605183037532,TRUE
"119","cg20832320","Inflammatory bowel disease",0.161702095980093,0.0177,6.103e-20,0.0513109772168739,0.050405650431274,0.308696576287292,TRUE
"120","cg20832320","Ulcerative colitis",0.155498342750079,0.0222,2.342e-12,0.0415014504990096,0.0591648548371968,0.483019453743211,TRUE
"121","cg02055353","LDL cholesterol",0.0895,0.0136,1.334e-10,0.0571806322225414,0.100414768781048,0.569054562532767,TRUE
"122","cg14026106","Mean cell volume",-0.3275,0.0512,2.226e-13,0.980357902568455,0.290818958518735,0.000748891334556538,FALSE
"123","cg14026106","Mean cell haemoglobin",-0.1176,0.0204,5.577e-11,0.280542670231854,0.11406679998438,0.013914641199738,FALSE
"124","cg24173182","Crohn's disease",0.143701996245566,0.0236,1.109e-09,0.089402388674552,0.126194556378542,0.478666564055424,TRUE
"125","cg24173182","Inflammatory bowel disease",0.112497983226693,0.0173,7.087e-11,0.180629352082474,0.263109959054166,0.492387405902391,TRUE
"126","cg13489049","Crohn's disease",0.146297063616586,0.0234,4.048e-10,-0.714255663490684,0.274764183384884,0.00933535716583677,FALSE
"127","cg13489049","Inflammatory bowel disease",0.116600114058204,0.0172,1.07e-11,-0.481933394066441,0.195969015838168,0.0139234373051008,FALSE
"128","cg13916835","Crohn's disease",0.145899590159987,0.0233,4.155e-10,0.0478946411521043,0.183324731336648,0.79389528408719,TRUE
"129","cg13916835","Inflammatory bowel disease",0.116404307870103,0.0171,1.065e-11,0.0619398885159767,0.134778809449591,0.64582707497406,TRUE
"130","cg14580211","Inflammatory bowel disease",-0.116196794402512,0.0172,1.417e-11,-0.371745193867561,0.107929625005796,0.00057247752273206,TRUE
"131","cg14580211","Crohn's disease",-0.144794584903233,0.0234,6.219e-10,-0.540978727913718,0.262798564853124,0.0395392851650921,TRUE
"132","cg21421172","Crohn's disease",0.155095947206959,0.0228,1.089e-11,0.0305658113939237,0.109801881296797,0.780726516892342,TRUE
"133","cg17901584","Triglycerides",0.0522,0.0048,1.232e-26,0.00595351091753862,0.0165885087343497,0.719674628987109,TRUE
"134","cg17901584","Heart rate",-0.3293,0.0539,1.023e-09,0.0572392239545701,0.176659159875533,0.745930936672974,FALSE
"135","cg17901584","LDL cholesterol",0.0505,0.0054,1.416e-20,0.0022941996416714,0.0162941661751277,0.888028862127774,TRUE
"136","cg17901584","HDL cholesterol",0.0465,0.0049,1.713e-21,-0.0112494801688168,0.0211851256073532,0.595412941361363,FALSE
"137","cg17901584","Fasting glucose",0.02,0.0032,3.374e-10,-0.0130165262826763,0.0107048668206934,0.22400598117821,FALSE
"138","cg17901584","Total cholesterol",0.0511,0.0053,1.62e-21,-0.0133929884816339,0.0167302672384962,0.42340698606159,FALSE
"139","cg24803614","Fasting glucose",-0.02,0.0032,4.615e-10,-0.00027412017702681,0.00877184566485793,0.975070165131246,TRUE
"140","cg05924489","Crohn's disease",-0.163601868605894,0.0233,2.296e-12,-0.0100359766517774,0.170739529816813,0.953127772033556,TRUE
"141","cg20191453","Inflammatory bowel disease",0.117596351565326,0.0171,6.7e-12,-0.079509153686379,0.133233518608895,0.550664023237778,FALSE
"142","cg20191453","Inflammatory bowel disease",0.117596351565326,0.0171,6.7e-12,-0.079509153686379,0.133233518608895,0.550664023237778,FALSE
"143","cg20191453","Crohn's disease",0.166302263655026,0.0235,1.419e-12,0.0493362325217529,0.181815906609928,0.786119797200349,TRUE
"144","cg20191453","Crohn's disease",0.166302263655026,0.0235,1.419e-12,0.0493362325217529,0.181815906609928,0.786119797200349,TRUE
"145","cg09931783","Schizophrenia",-0.0748959748540066,0.0114,5.95e-11,-0.240874751790199,0.095945410644367,0.012054680462092,TRUE
"146","cg04856285","Crohn's disease",-0.153104560534235,0.0228,2.057e-11,0.0310142074094088,0.0923256261404153,0.736929699374577,FALSE
"147","cg26844104","Inflammatory bowel disease",0.130703648321444,0.0208,3.14e-10,-0.176674451703646,0.11654107680496,0.129523302909477,FALSE
"148","cg04542977","Height",0.037,0.0052,7.3e-13,-0.0368003981452599,0.0595815969970875,0.536808016981021,FALSE
"149","cg14580859","Rheumatoid arthritis",0.0861776962410524,0.0140458615262825,1e-09,0.254007074061822,0.198550706954785,0.200789385539163,TRUE
"150","cg16677399","Schizophrenia",0.156798599562869,0.0177,7.604e-19,0.567714998399211,0.274104754293566,0.0383437796513254,TRUE
"151","cg19918208","Schizophrenia",-0.157800666264045,0.0177,4.708e-19,-0.255313908467904,0.108829090524444,0.0189757041680128,TRUE
"152","cg19466160","Birth weight",0.0232,0.0038,8.3e-10,-0.00882973619691489,0.055921662580461,0.874539745432806,FALSE
"153","cg09051837","Ferritin",0.0584,0.0094,4.553e-10,0.000312266399636943,0.040841777311843,0.993899626116447,TRUE
"154","cg09051837","Mean cell haemoglobin concentration",0.0125,0.0035,2.872e-14,0.0021471862772292,0.00925080994513027,0.816454191682724,TRUE
"155","cg26283874","Lumbar spine bone mineral density",-0.05454,0.008849,1.8e-09,-0.225744265852038,0.148130463945068,0.12751977622335,TRUE
"156","cg03456213","Birth weight",0.0521,0.0065,1.4e-15,0.0178489204960402,0.00961095719017551,0.0632908322333453,TRUE
"157","cg23697546","Lumbar spine bone mineral density",-0.057019,0.009094,9.43e-10,0.0834173618113484,0.0970379463307122,0.389989441125422,FALSE
"158","cg24511341","Height",-0.019,0.0031,9.8e-10,-0.0318094597371728,0.0336604198742943,0.344653371063525,TRUE
"159","cg15560801","Height",0.02,0.0033,9.5e-10,-0.0156703067744617,0.0200579926713109,0.434655471356171,FALSE
"160","cg09673807","Schizophrenia",-0.0671980545634774,0.0111,1.548e-09,-0.136149597312289,0.0796000654654744,0.0871881114393933,TRUE
"161","cg09127607","Height",-0.02,0.003,1.3e-11,-0.00336365669847004,0.0285910819369953,0.906347316282193,TRUE
"162","cg09127607","Height",-0.02,0.003,1.3e-11,-0.00336365669847004,0.0285910819369953,0.906347316282193,TRUE
"163","cg06807905","Mean cell volume",0.1787,0.0267,7.791e-13,0.433317552343542,0.180448939568291,0.0163355725743736,TRUE
"164","cg06807905","Mean cell volume",0.1787,0.0267,7.791e-13,0.433317552343542,0.180448939568291,0.0163355725743736,TRUE
"165","cg22990967","Crohn's disease",-0.155298004419143,0.023,1.39e-11,0.0463941556179267,0.0561840187472782,0.408943881300828,FALSE
"166","cg26340725","Packed cell volume",-0.1587,0.0261,8.129e-11,0.204227024459748,0.152932795060556,0.181744245708489,FALSE
"167","cg26340725","Haemoglobin concentration",-0.049,0.0088,1.216e-09,0.0655426264545239,0.0498693896936595,0.188750072903293,FALSE
"168","cg11520395","Height",0.021,0.003,5.1e-12,0.0545084548669994,0.0302824749261108,0.0718606382258516,TRUE
"169","cg10819981","Crohn's disease",0.147902629923495,0.0228,8.59e-11,-0.0416595321999342,0.108322200218311,0.70054190728064,FALSE
"170","cg25615068","LDL cholesterol",0.0344,0.0039,9.052e-19,-0.0341251210295804,0.0275038288895125,0.214701538807096,FALSE
"171","cg25615068","LDL cholesterol",0.0344,0.0039,9.052e-19,-0.0341251210295804,0.0275038288895125,0.214701538807096,FALSE
"172","cg25615068","Total cholesterol",0.0293,0.0038,1.571e-15,0.0463490449804748,0.0264851685602713,0.0801183137276341,TRUE
"173","cg25615068","Total cholesterol",0.0293,0.0038,1.571e-15,0.0463490449804748,0.0264851685602713,0.0801183137276341,TRUE
"174","cg21539229","Inflammatory bowel disease",-0.156396533202382,0.0258,1.259e-09,-0.531851588421008,0.302505527523754,0.0787211493635253,TRUE
"175","cg25214898","Crohn's disease",-0.154095681339703,0.0227,1.117e-11,0.0437581788446595,0.168170951377774,0.794709058005951,FALSE
"176","cg16503057","Inflammatory bowel disease",0.140596376746641,0.0215,5.812e-11,0.210174434912438,0.220554660509516,0.340622592875136,TRUE
"177","cg05791862","Crohn's disease",0.163002812407555,0.0243,1.879e-11,0.0303659605644675,0.0463298746643366,0.512191347016511,TRUE
"178","cg01329789","Height",0.02,0.003,1.6e-11,0.0336260018255862,0.0275121833118433,0.221623602459393,TRUE
"179","cg01329789","Height",0.02,0.003,1.6e-11,0.0336260018255862,0.0275121833118433,0.221623602459393,TRUE
"180","cg01329789","Height",0.02,0.003,1.6e-11,0.0336260018255862,0.0275121833118433,0.221623602459393,TRUE
"181","cg03626278","Birth weight",0.0271,0.0042,1.7e-10,0.0873564729142841,0.0472846963480987,0.0646808438473685,TRUE
"182","cg11247378","Crohn's disease",-0.201895890151179,0.0322,3.651e-10,-0.00434946760744274,0.0514667535327365,0.932650762948181,TRUE
"183","cg11247378","Crohn's disease",-0.201895890151179,0.0322,3.651e-10,-0.00434946760744274,0.0514667535327365,0.932650762948181,TRUE
"184","cg26666107","Total cholesterol",0.054,0.004,2.025e-39,-0.0730199317861074,0.0458034117567401,0.110890597528893,FALSE
"185","cg26666107","LDL cholesterol",0.0642,0.0041,2.515e-50,-0.10554699230901,0.0471310468801238,0.0251275209051483,FALSE
"186","cg14895029","Height",-0.026,0.0029,8.9e-19,0.0462133533311486,0.0122937726446825,0.000170534955567048,FALSE
"187","cg26999345","Iron",-0.0974,0.01,2.384e-22,0.0010613095158497,0.0256836902835628,0.967038944221939,FALSE
"188","cg26999345","Mean cell volume",-0.2622,0.029,8.698e-21,-0.0180422617694449,0.0670747614017012,0.787939423603169,TRUE
"189","cg26999345","Mean cell haemoglobin",-0.1047,0.0115,1.965e-20,-0.046273094891047,0.0258959521867327,0.0739560376138907,TRUE
"190","cg26999345","HbA1C",0.0224,0.0035,1.104e-10,-0.0110376189648369,0.0089149999331375,0.215680749361015,FALSE
"191","cg26999345","Haemoglobin concentration",-0.0478,0.0064,2.586e-14,-0.0227120236391836,0.0150705951250658,0.131799826986556,TRUE
"192","cg26999345","Transferrin Saturation",-0.1024,0.0101,3.439e-24,0.00466976186973869,0.0261082140899027,0.858046227151526,FALSE
"193","cg14515364","Obesity class 2",0.21,0.026,9.6e-16,-0.315036215266099,0.176049649707526,0.0735385619032395,FALSE
"194","cg14515364","Body mass index",-0.0519,0.0039,3.764e-41,0.00370630841489528,0.0342833528377814,0.913909936512377,FALSE
"195","cg14515364","Obesity class 1",0.16,0.017,6.8e-22,0.00926577103723821,0.120455023484097,0.938684739206775,TRUE
"196","cg14515364","Hip circumference",-0.048,0.0046,5e-26,0.0370630841489528,0.0416959696675719,0.374062797490882,FALSE
"197","cg23980005","Forearm bone mineral density",0.1376,0.01618,7.92e-17,-0.299596043603529,0.278997237651112,0.282898174668827,FALSE
"198","cg08074767","Crohn's disease",-0.156104253476915,0.0229,9.812e-12,-0.114002201237186,0.155516110861205,0.463523556899247,TRUE
"199","cg23603057","Crohn's disease",0.158003249142748,0.0229,5.572e-12,-0.486855553488064,0.274441041681738,0.0760648707502,FALSE
"200","cg25843866","Crohn's disease",0.164802320575017,0.0243,1.133e-11,-0.135136629113024,0.162599942002568,0.40591777439422,FALSE
"201","cg24873410","Crohn's disease",0.15809716790309,0.0229,5.187e-12,0.649365967525305,0.454339749540741,0.152931834542529,TRUE
"202","cg25840433","Crohn's disease",0.157302849373776,0.0231,9.745e-12,0.466496040750801,0.33338818260515,0.16173566619819,TRUE
"203","cg13392029","Years of schooling",-0.016,0.003,4.321e-10,-0.0482695159138012,0.0131644134310367,0.000245732779930304,TRUE
"204","cg23120936","Rheumatoid arthritis",-0.23572233352107,0.0289103789048477,1.8e-18,0.548294595845091,0.234008560182801,0.0191266358757722,FALSE
"205","cg13945224","Birth weight",0.049,0.0062,4.2e-15,-0.0813384555704329,0.0375408256478921,0.0302602800204716,FALSE
"206","cg18656024","Inflammatory bowel disease",0.161999794770657,0.0257,2.921e-10,0.00926039341150385,0.123505894459161,0.940231130843661,TRUE
"207","cg06949812","Rheumatoid arthritis",0.0953101798043249,0.0139181082271516,2e-12,0.0482461125484802,0.0583021952866585,0.407943557972888,TRUE
"208","cg06949812","Ulcerative colitis",0.144204234680826,0.0212,9.231e-12,-0.125385373364375,0.0508583763745889,0.0136866889664599,FALSE
"209","cg23232773","HDL cholesterol",0.0305,0.0037,8.21e-17,0.0269472420554511,0.041213429025984,0.513210927875975,TRUE
"210","cg27333274","Body mass index",-0.0237,0.003,4.997e-15,-0.00224182511466235,0.0103684411553134,0.828819213786263,TRUE
"211","cg27333274","Obesity class 2",0.12,0.02,4.1e-10,0.0952775673731498,0.0560456278665587,0.089130925517086,TRUE
"212","cg01631325","Paget's disease",0.462174,0.061503,5.70599773148654e-14,0.261781615667164,0.603205313871763,0.664299866334601,TRUE
"213","cg16283208","Mean platelet volume",-0.0072,0.0011,3.27e-11,-0.00504849191220122,0.00252424595610061,0.0455002638963584,TRUE
"214","cg15626350","Birth weight",-0.0227,0.0037,6.6e-10,-0.00740096793274456,0.0250494299262124,0.767646670678346,TRUE
"215","cg04211581","Birth weight",-0.0351,0.004,4.7e-18,-0.0333390790043958,0.0361764474303018,0.35675362903619,TRUE
"216","cg16205897","Height",-0.02,0.0031,1.7e-10,-0.0620240496904326,0.00809009343788251,1.76523743209072e-14,TRUE
"217","cg02207219","Schizophrenia",0.209596198928835,0.0209,1.39e-23,-0.93899659811366,0.114075987795848,1.85152948047813e-16,FALSE
"218","cg09258553","Ulcerative colitis",0.192601866201511,0.0285,1.379e-11,0.146266103162196,0.217042242745422,0.500370979099083,TRUE
"219","cg09258553","Inflammatory bowel disease",0.146202029987569,0.0228,1.555e-10,0.0662282559791264,0.167390071831953,0.692361597174088,TRUE
"220","cg08415592","Crohn's disease",0.173600303648572,0.0241,5.5e-13,0.195849095451009,0.315048672155769,0.534173938858189,TRUE
"221","cg08415592","Ulcerative colitis",0.174398586123289,0.0223,5.51e-15,-0.365409202211562,0.288699146848196,0.205617168653871,FALSE
"222","cg08415592","Inflammatory bowel disease",0.17429778559904,0.0177,9.005e-23,-0.113426969738858,0.23027193855749,0.622310554195958,FALSE
"223","cg04553793","Schizophrenia",0.205101772813445,0.02,1.253e-24,-0.0780948526781594,0.0447374878009634,0.0808762302726164,FALSE
"224","cg16655765","Mean cell volume",-0.184,0.0247,2.349e-15,0.0496935382640266,0.0957031102332556,0.60358861401455,FALSE
"225","cg16655765","Mean cell haemoglobin",-0.0792,0.0097,2.198e-17,-0.0630826071016936,0.0376625201460295,0.0939452458299294,TRUE
"226","cg16655765","Red blood cell count",0.0163,0.0021,5.392e-15,-0.00609946060039729,0.0184101182356382,0.740410161006181,FALSE
"227","cg13547889","Inflammatory bowel disease",0.115495977887975,0.0189,1.045e-09,0.459527959055895,0.143326116611281,0.00134514286042116,TRUE
"228","cg19187682","Inflammatory bowel disease",0.10599831222235,0.0174,1.121e-09,-0.130516298553749,0.152407379670432,0.391796088979992,FALSE
"229","cg13620881","Age at menopause",0.17,0.02,2.3e-16,0,0.803490362133106,1,FALSE
"230","cg19566658","Heart rate",0.5194,0.0674,1.267e-14,-1.04438547450519,1.35860927813892,0.442061581518241,FALSE
"231","cg14396214","Crohn's disease",0.162798890305091,0.0254,1.509e-10,0.366749675318753,0.122812629550138,0.00282418192676677,TRUE
"232","cg19972273","Systemic lupus erythematosus",-0.23572233352107,0.0289103789048477,5.44015e-14,4.05716405959783,0.731101941378686,2.86680929537765e-08,FALSE
"233","cg16448702","Crohn's disease",0.300697009529276,0.0233,3.876e-38,-0.0209208081032149,0.211091317943004,0.92105263400615,FALSE
"234","cg16448702","Inflammatory bowel disease",0.146996578734341,0.0169,4.049e-18,-0.248940404794542,0.151470106004903,0.100280500419724,FALSE
"235","cg21213853","Inflammatory bowel disease",0.110601756327796,0.0167,3.512e-11,0.107008851368979,0.055690517573487,0.0546697837588036,TRUE
"236","cg05721476","Mean cell volume",-0.3513,0.0511,1.242e-14,-0.849622544738321,0.303963321213035,0.00518759205550008,TRUE
"237","cg05721476","Mean cell haemoglobin",-0.1203,0.0202,3.672e-11,-0.244153826742546,0.121257605227841,0.0440606347757764,TRUE
"238","cg26221801","Inflammatory bowel disease",-0.107195531603556,0.0173,5.415e-10,0.00293598035152968,0.0799598699362965,0.970709718313677,FALSE
"239","cg07870237","Crohn's disease",0.182096531477657,0.0231,2.86e-15,0.0877491333173335,0.106783193439612,0.4112189607422,TRUE
"240","cg07870237","Inflammatory bowel disease",0.117302920419506,0.017,6.024e-12,0.130016414014214,0.0784624334404106,0.0975087517388623,TRUE
"241","cg07723558","Birth weight",0.0255,0.0037,9.3e-12,-0.029578972899745,0.0449600388076124,0.510605772861378,FALSE
"242","cg07097417","Height",0.022,0.003,3.2e-13,-0.0896860986547085,0.0279023418036871,0.00130769480810928,FALSE
"243","cg25021247","Age at menarche",0.043,0.00644908604535012,2.6e-11,0.040265889534332,0.137196268751532,0.769146769546785,TRUE
"244","cg13386903","Crohn's disease",-0.15509946311314,0.0228,1.127e-11,0.0789729843400556,0.171498122465699,0.645165326275694,FALSE
"245","cg20515377","Crohn's disease",-0.162601285830141,0.0243,2.27e-11,0.0512959000544962,0.0537434016181055,0.339851102206107,FALSE
"246","cg13136655","Mean cell volume",-0.1853,0.025,3.118e-15,0.292979433629917,0.165735377554609,0.0771019805590123,FALSE
"247","cg13136655","Red blood cell count",0.0154,0.0021,1.375e-13,-0.0249681414950456,0.0142880277518867,0.0805529132188383,FALSE
"248","cg21463368","Crohn's disease",0.153098698117051,0.0229,2.125e-11,0.187897299055955,0.218757001547177,0.390378259897773,TRUE
"249","cg23530239","Crohn's disease",-0.15509946311314,0.0228,1.132e-11,0.1596272989162,0.135498513420412,0.238767037988455,FALSE
"250","cg15903282","Height",-0.022,0.0035,2.3e-10,0.00924228450788466,0.00836206693570517,0.269045576986182,FALSE
"251","cg27099088","Crohn's disease",0.15530144601322,0.0229,1.154e-11,-0.131942867007409,0.0895445581030881,0.140619391356019,FALSE
"252","cg11928198","Height",0.022,0.0036,8.2e-10,-0.16841254336623,0.0440463574957832,0.000131554890718826,FALSE
"253","cg04606053","Height",-0.026,0.004,1.6e-10,-0.160344200319884,0.0110139330042336,5.17241447444546e-48,TRUE
"254","cg24973591","Gout",-0.25,0.033,9.62319814140103e-14,-2.00339870698291,0.377110344843841,1.08131426697045e-07,TRUE
"255","cg06207804","Years of schooling",0.016,0.003,6.94e-10,-0.0173623972146085,0.0289373286910142,0.548506235500147,FALSE
"256","cg03440556","Crohn's disease",-0.184596141701971,0.0227,4.791e-16,-0.117797188027899,0.138293869191315,0.394331246898388,TRUE
"257","cg03440556","Inflammatory bowel disease",-0.121094763378059,0.0167,4.607e-13,-0.056031898380355,0.0972368190833995,0.564451903188262,TRUE
"258","cg12532266","Eczema",-0.136611560044889,0.0201644380678225,1.29e-11,0.00605431972150202,0.194080750692957,0.975114147779004,FALSE
"259","cg23641108","Crohn's disease",0.141100176974452,0.0234,1.731e-09,0.248995268585415,0.118905897093538,0.0362552456920048,TRUE
"260","cg13072943","Crohn's disease",-0.156396533202382,0.0229,8.598e-12,-0.0226696056489243,0.196850090497806,0.908316896905571,TRUE
"261","cg22700036","Schizophrenia",0.0784968981407531,0.0108,4.048e-13,0.0416981345783048,0.0466858065172588,0.37176874715941,TRUE
"262","cg22774379","Age at menopause",0.13,0.02,6.2e-10,0.0980072192117672,0.588043315270603,0.867632334778193,TRUE
"263","cg05863637","Age at menopause",0.13,0.02,1.1e-09,-0.0597921862773744,0.0597921862773744,0.317310507862914,FALSE
"264","cg05863637","Age at menopause",0.13,0.02,1.1e-09,-0.0597921862773744,0.0597921862773744,0.317310507862914,FALSE
"265","cg05192831","Schizophrenia",-0.0660009232598249,0.0108,1.007e-09,0.0109546045884987,0.0948520554659731,0.908055570576657,FALSE
"266","cg04017458","Age at menopause",-0.15,0.02,1.9e-10,-0.199655095821968,0.149741321866476,0.182422439451736,TRUE
"267","cg26683025","Eczema",0.143746168706988,0.0170384326762367,3.45e-17,-0.618493783730169,0.344217190136348,0.0723653756731587,FALSE
"268","cg18608055","Inflammatory bowel disease",0.138204207997571,0.0208,3.43e-11,0.446936513712636,0.109693639534092,4.61317776639887e-05,TRUE
"269","cg18608055","Crohn's disease",0.182896391544797,0.0272,1.847e-11,0.496805900525082,0.149410302124022,0.000883832094323594,TRUE
"270","cg13161852","Schizophrenia",-0.0782967327751765,0.0122,1.286e-10,0.0422133550600395,0.0795509923379035,0.595664642694094,FALSE
"271","cg07502892","Height",0.024,0.0038,1.3e-10,0.00974580427406962,0.0106889466231731,0.361892593456348,TRUE
"272","cg05985737","Height",0.025,0.0034,6.2e-14,-0.0045865878996638,0.0418526145844322,0.91273530224508,FALSE
"273","cg22747802","Height",-0.028,0.0041,4.4e-12,-0.0852859440891592,0.0341143776356637,0.0124193306515523,TRUE
"274","cg06832339","Mean cell haemoglobin",-0.0673,0.01,1.614e-11,0.232088419415137,0.22999753275374,0.312931037449977,FALSE
"275","cg05211790","Red blood cell count",-0.0135,0.0021,3.908e-12,-0.0854668745421417,0.0338110712474407,0.0114786980696565,TRUE
"276","cg05211790","Mean cell haemoglobin",0.0584,0.0098,4.306e-10,0.0197231248943404,0.153089017037023,0.897488720040025,TRUE
"277","cg05211790","Mean cell volume",0.175,0.0249,3.041e-13,-0.240434284426245,0.388827319345568,0.53633971451507,FALSE
"278","cg05884870","Height",0.034,0.0032,3.8e-26,0.0251903323379923,0.0103344953181507,0.0147892142217614,TRUE
"279","cg26651775","Height",-0.025,0.0036,3.8e-12,0.0253539495875588,0.0138601591078655,0.0673594261587608,FALSE
"280","cg05490983","Birth weight",0.0234,0.0038,9.7e-10,0.0485994501449127,0.0504162520194888,0.335063993059786,TRUE
"281","cg03656877","Schizophrenia",-0.113695152447884,0.0163,2.603e-12,0.154600459917146,0.0289266815578306,9.06356576087227e-08,FALSE
"282","cg14182120","Inflammatory bowel disease",-0.113303085634678,0.0175,8.57e-11,0.107670303412772,0.1440335450088,0.454739899142349,FALSE
"283","cg14182120","Inflammatory bowel disease",-0.113303085634678,0.0175,8.57e-11,0.107670303412772,0.1440335450088,0.454739899142349,FALSE
"284","cg21582112","Lumbar spine bone mineral density",-0.058016,0.009092,4.76e-10,-0.0465321259593717,0.152468381270736,0.760219946289328,TRUE
"285","cg27142059","Schizophrenia",-0.214704262500366,0.0203,4.139e-26,-1.37823662208331,0.124747281798712,2.23580279628786e-28,TRUE
"286","cg27565550","Height",-0.035,0.0031,1.5e-29,-0.0296021193237936,0.0404092422515278,0.463827970311559,TRUE
"287","cg26878949","Birth weight",0.0471,0.0062,2.3e-14,-0.0238104509922013,0.0225643555741565,0.291322860900097,FALSE
"288","cg27187555","Ulcerative colitis",-0.156396533202382,0.0222,1.824e-12,-0.283536328980985,0.11654042113113,0.014976613216356,TRUE
"289","cg11261850","Eczema",0.125341950496396,0.0169369987066465,1.42e-13,-0.0178922129518787,0.0508541577009116,0.724962887803041,FALSE
"290","cg11261850","Ulcerative colitis",0.138204207997571,0.0213,7.982e-11,-0.00316345232790179,0.0621173563087507,0.959383668426749,FALSE
"291","cg22993195","Years of schooling",-0.02,0.003,1.359e-12,-0.0376147437758883,0.022568846265533,0.0955807045456294,TRUE
"292","cg17862947","Schizophrenia",0.19470292368236,0.025,6.265e-15,0.161881035927112,0.0182601724104189,7.6331010675975e-19,TRUE
"293","cg10583485","Triglycerides",0.0576,0.0054,2.689e-27,-0.0544341979298438,0.0721844798634885,0.45079016171079,FALSE
"294","cg25315312","Schizophrenia",0.0778957893080859,0.0107,3.727e-13,-0.117033377803268,0.110348774886074,0.28888215829875,FALSE
"295","cg27088726","Height",-0.022,0.0036,7.9e-10,-0.0097541913825556,0.0133737917398494,0.465786845607994,TRUE
"296","cg01218206","Total cholesterol",0.0438,0.0053,2.462e-15,-0.0111509191637073,0.0367324395980946,0.761454421597889,FALSE
"297","cg01218206","Triglycerides",0.0536,0.0049,4.975e-27,-0.0629698964538765,0.0334527574911219,0.0597881108264642,FALSE
"298","cg15723468","Triglycerides",0.0393,0.0058,4.453e-11,-0.0259147241558033,0.0239465172578942,0.27916731988398,FALSE
"299","cg02675264","Schizophrenia",-0.175103668535482,0.0191,5.402e-20,-0.49909929682831,0.0976189632708651,3.1753781631283e-07,TRUE
"300","cg22827524","Myocardial infarction",0.0809878,0.01218422652492,2.99263756243305e-11,0.111338554298458,0.121156603023479,0.358114412113728,TRUE
"301","cg16337457","Hip circumference",-0.034,0.0044,1.3e-14,0.0885120878805422,0.0633937926711991,0.16264632460186,FALSE
"302","cg16337457","Extreme height",0.28,0.026,3.9e-28,-0.669821205582481,0.382754974618561,0.0801183137276342,FALSE
"303","cg16337457","Height",-0.077,0.003,4.4e-151,-0.16745530139562,0.0418638253489051,6.33424836662398e-05,TRUE
"304","cg27386529","Inflammatory bowel disease",-0.17440100732622,0.0177,8.534e-23,0.00682422864619731,0.102943755710316,0.947146271108223,FALSE
"305","cg27386529","Ulcerative colitis",-0.174698684848407,0.0223,4.926e-15,0.00673326422289471,0.343494715728249,0.984360680709611,FALSE
"306","cg27386529","Crohn's disease",-0.173496611424796,0.0241,5.682e-13,0.021316128035961,0.166431129694512,0.898087427705354,FALSE
"307","cg21474062","Extreme height",0.28,0.025,1.3e-28,0.38717670744928,0.223836533994115,0.0836785744218784,TRUE
"308","cg21474062","Waist circumference",-0.021,0.0034,6.6e-10,0.035087889112591,0.035087889112591,0.317310507862914,FALSE
"309","cg21474062","Hip circumference",-0.034,0.0036,1.5e-21,0.037507743534149,0.03629781632337,0.301447933138049,FALSE
"310","cg21474062","Height",-0.078,0.0029,4.8e-155,0.066545996592845,0.0235935806101905,0.00479469575441645,FALSE
"311","cg21103992","Crohn's disease",0.212600164638197,0.023,2.899e-20,0.107522160593904,0.118343303233261,0.363581674730592,TRUE
"312","cg21103992","Inflammatory bowel disease",0.136696378767679,0.017,9.748e-16,-0.0467919618158829,0.100979304120727,0.643090792021947,FALSE
"313","cg21815063","Crohn's disease",0.212697177452048,0.0243,2.045e-18,0.518848319347885,0.148829371598476,0.000489942390832068,TRUE
"314","cg21815063","Inflammatory bowel disease",0.133603889996525,0.0176,3.332e-14,0.318823755828249,0.110198797003243,0.00381375892985673,TRUE
"315","cg19432993","Red blood cell count",-0.0153,0.0021,3.844e-14,-0.00476734708884251,0.0152508704794082,0.754588315967921,TRUE
"316","cg22992815","Rheumatoid arthritis",0.104360015324243,0.0183936974238122,8.7e-10,-0.245264659351476,0.168078169126806,0.144501891944552,FALSE
"317","cg20494635","Red blood cell count",-0.0171,0.0021,1.148e-16,-0.00365555712110248,0.0113978743316881,0.748420537159662,TRUE
"318","cg20494635","Mean cell volume",0.1958,0.0247,6.783e-17,-0.117395854471656,0.139306050198002,0.399385621781483,FALSE
"319","cg20494635","Mean cell haemoglobin",0.0844,0.0097,2.659e-19,-0.0465669881669722,0.0544377830858236,0.392320507699057,FALSE
"320","cg18137931","Schizophrenia",-0.159898835531947,0.0185,5.929e-18,-1.01187855214178,0.167547819849443,1.54744142439963e-09,TRUE
"321","cg18007957","Birth weight",-0.0321,0.0042,3.6e-14,-0.0557185840050518,0.0219336648146871,0.0110750268293083,TRUE
"322","cg20219891","Inflammatory bowel disease",-0.164898228374023,0.0176,5.812e-21,-0.0041076814370926,0.0703242265629521,0.953421558369671,TRUE
"323","cg20219891","Inflammatory bowel disease",-0.164898228374023,0.0176,5.812e-21,-0.0041076814370926,0.0703242265629521,0.953421558369671,TRUE
"324","cg20219891","Crohn's disease",-0.185402297405865,0.0241,1.416e-14,0.00134489210200769,0.0953634376734677,0.988747961471481,FALSE
"325","cg20219891","Crohn's disease",-0.185402297405865,0.0241,1.416e-14,0.00134489210200769,0.0953634376734677,0.988747961471481,FALSE
"326","cg20219891","Ulcerative colitis",-0.155999053684879,0.0222,1.938e-12,-0.0109207268760417,0.131378476129279,0.933752806912901,TRUE
"327","cg20219891","Ulcerative colitis",-0.155999053684879,0.0222,1.938e-12,-0.0109207268760417,0.131378476129279,0.933752806912901,TRUE
"328","cg15987431","Ulcerative colitis",0.156003248476081,0.0222,1.951e-12,-0.548516880484887,0.277349040658374,0.0479610614343468,FALSE
"329","cg03036592","Ulcerative colitis",0.157499352473604,0.0212,1.006e-13,0.225663514570977,0.241211723200988,0.34950944065402,TRUE
"330","cg03036592","Crohn's disease",0.202303906501186,0.0229,1.146e-18,-0.117247702701775,0.260923648967951,0.653174602586632,FALSE
"331","cg03036592","Inflammatory bowel disease",0.171201625558177,0.0168,2.319e-24,-0.0145042803513142,0.190894439006374,0.939434506113967,FALSE
"332","cg06580884","Crohn's disease",-0.168205656558544,0.0239,1.906e-12,0.00873801280888552,0.336811354647619,0.979302528222169,FALSE
"333","cg26732808","Crohn's disease",0.171201625558177,0.0278,7.51e-10,-0.108976043934716,0.288500946605037,0.705629682131768,FALSE
"334","cg12349571","Height",-0.027,0.0037,4.8e-13,-0.0180416734901201,0.0228990471220755,0.43076760985781,TRUE
"335","cg07506795","LDL cholesterol",0.0262,0.0038,8.697e-11,-0.0144558835371716,0.0516974003062145,0.779765254737913,FALSE
"336","cg16549085","Red blood cell count",0.0166,0.0028,1.429e-09,-0.00574463214391682,0.00746802178709187,0.441756327424919,FALSE
"337","cg06008435","Height",-0.057,0.0031,4e-74,0.00698324997660611,0.0432961498549579,0.871864744932721,FALSE
"338","cg06008435","Extreme height",0.19,0.028,1.6e-11,-0.075419099747346,0.37709549873673,0.841480581121794,FALSE
"339","cg24032190","Inflammatory bowel disease",0.149100807802285,0.0199,6.165e-14,0.0501835827116932,0.275601275457065,0.855513957309677,TRUE
"340","cg24032190","Crohn's disease",0.190901311873403,0.027,1.519e-12,0.436367593794173,0.378150587255043,0.248519883885072,TRUE
"341","cg17356252","Crohn's disease",0.171597593430979,0.0231,1.226e-13,0.000591516307782175,0.173897099053325,0.997285976466074,TRUE
"342","cg17356252","Ulcerative colitis",0.133901324191402,0.0215,4.425e-10,-0.189290045133362,0.15792695730353,0.230686488709992,FALSE
"343","cg17356252","Inflammatory bowel disease",0.144299458348308,0.0171,2.585e-17,-0.104707253182968,0.12598667380394,0.405918356661632,FALSE
"344","cg11427534","Inflammatory bowel disease",0.103602972082549,0.0169,8.566e-10,0.216287201941349,0.0877308860113606,0.0136880073849757,TRUE
"345","cg15741433","Years of schooling",-0.015,0.002,3.939e-10,0.0465886978924826,0.0388239149104022,0.230139340443417,FALSE
"346","cg04053108","Platelet count",-2.7421,0.4171,4.907e-11,0.979241732658444,2.56039255853628,0.702121932564651,FALSE
"347","cg24428144","Mean platelet volume",-0.0072,0.0011,2.102e-11,0.0068963538087561,0.00600650170440047,0.250907410498613,FALSE
"348","cg13565585","Height",-0.028,0.0031,2.5e-19,0.00204042739608409,0.0159153336894559,0.897986641842342,FALSE
"349","cg08333931","Neuroticism",-0.026,0.004,5.476e-10,0.0121911863644019,0.0104495883123445,0.243345009148762,FALSE
"350","cg06112415","Triglycerides",0.0687,0.0103,3.657e-10,-0.0393727562003143,0.0429520976730701,0.359317338329571,FALSE
"351","cg09743596","Waist circumference",-0.021,0.0033,1.2e-10,-0.0242207048757974,0.0164700793155423,0.141402507486613,TRUE
"352","cg09743596","Hip circumference",-0.035,0.0035,4.9e-23,-0.00339089868261164,0.0179233216080901,0.849944540437619,TRUE
"353","cg09743596","Height",-0.078,0.0029,5.1e-154,-0.00871945375528708,0.0159856652180263,0.585440934568927,TRUE
"354","cg15246085","Crohn's disease",0.163402039441376,0.0233,2.242e-12,0.0449766477989865,0.165749786270012,0.786119797200349,TRUE
"355","cg15246085","Crohn's disease",0.163402039441376,0.0233,2.242e-12,0.0449766477989865,0.165749786270012,0.786119797200349,TRUE
"356","cg15246085","Inflammatory bowel disease",0.114800815477177,0.017,1.472e-11,-0.0724833457960342,0.121460369695839,0.550664023237778,FALSE
"357","cg15246085","Inflammatory bowel disease",0.114800815477177,0.017,1.472e-11,-0.0724833457960342,0.121460369695839,0.550664023237778,FALSE
"358","cg05340042","Inflammatory bowel disease",0.191297816033631,0.0302,2.516e-10,0.162810875782964,0.135292642175506,0.228822396437766,TRUE
"359","cg05340042","Crohn's disease",0.316196640349982,0.0392,6.849e-16,0.000598610079620901,0.184979762974475,0.997417982923303,TRUE
"360","cg25112191","Height",-0.031,0.0037,1.5e-16,-0.0146884614057004,0.0064874037875177,0.0235648326141071,TRUE
"361","cg05308233","Years of schooling",-0.016,0.003,6.314e-10,0.0132985277030412,0.0195985258210849,0.497424714232328,FALSE
"362","cg25223634","Years of schooling",-0.016,0.003,1.013e-10,-0.00868880187214718,0.00868880187214718,0.317310507862914,TRUE
"363","cg10441070","Birth weight",-0.0362,0.004,3.2e-19,0.161094714573601,0.056231173954936,0.00417187233602317,FALSE
"364","cg26712477","Schizophrenia",-0.188198793966831,0.0226,7.289e-17,0.274757995177614,0.161935364136229,0.0897507495056874,FALSE
"365","cg12061886","Mean cell haemoglobin",-0.0856,0.0105,1.026e-17,-0.186918141913077,0.0956125057712053,0.0505883872382098,TRUE
"366","cg12061886","Red blood cell count",0.0164,0.0023,4.237e-14,-0.0413459484416023,0.0206729742208011,0.0455002638963584,FALSE
"367","cg12061886","Mean cell volume",-0.1935,0.027,6.27e-15,-0.0801077751056044,0.242046073168547,0.740674054670112,TRUE
"368","cg23856413","Systemic lupus erythematosus",0.207014169384326,0.0310222275752008,3.10827e-12,-0.150110049403931,0.0860861465523521,0.0812081005730292,FALSE
"369","cg23164938","Birth weight",-0.0359,0.004,3.2e-19,-0.0732459743438023,0.0531392362886408,0.168086495435629,TRUE
"370","cg23164938","Birth weight",-0.0359,0.004,3.2e-19,-0.0732459743438023,0.0531392362886408,0.168086495435629,TRUE
"371","cg11784071","Schizophrenia",0.0733991495697677,0.0108,9.566e-12,0.361968156373626,0.127653831985674,0.0045747601839341,TRUE
"372","cg06266973","Coronary heart disease",-0.057252,0.0093235,8.22e-10,0.0184967047371147,0.0451190497805335,0.681840182733586,FALSE
"373","cg19148647","Fasting glucose",-0.022,0.0031,1.009e-12,-0.0278669818922495,0.00814573316850371,0.000623792590960535,TRUE
"374","cg15270729","Height",0.025,0.0031,2.8e-15,0.323969084093118,0.0663365267428765,1.04102385774157e-06,TRUE
"375","cg12261786","Age at menarche",-0.038,0.00570851445637247,2.8e-11,0.0324967872494424,0.0603092321659508,0.59,FALSE
"376","cg13598010","Triglycerides",0.1017,0.008,8.361e-36,-0.18336038464934,0.0436572344403191,2.66914980318125e-05,FALSE
"377","cg20589815","Schizophrenia",0.0774979340203838,0.011,1.809e-12,0.02657771131877,0.0829207865954434,0.748574712741969,TRUE
"378","cg21086870","Height",0.022,0.0033,7.9e-11,0.00617754893390949,0.0254823893523767,0.808451451773901,TRUE
"379","cg06019726","Height",-0.043,0.0072,2.1e-09,-0.011657968973525,0.0150166676900296,0.437551045063637,TRUE
"380","cg13568213","Myocardial infarction",0.0769132,0.0105580068909169,3.22090190761499e-13,-0.150893294387504,0.0752775272442352,0.0450172504695328,FALSE
"381","cg02720618","Birth weight",-0.0361,0.004,3.1e-19,0.0431599741040155,0.0307099815740111,0.159900760298068,FALSE
"382","cg17264271","Birth weight",-0.0363,0.004,1.9e-19,0.0180496351265942,0.016608445960341,0.277136491291005,FALSE
"383","cg17264271","Birth weight",-0.0363,0.004,1.9e-19,0.0180496351265942,0.016608445960341,0.277136491291005,FALSE
"384","cg23060047","Age at menopause",-0.13,0.02,6.1e-10,0.0630945743503309,0.0630945743503309,0.317310507862914,FALSE
"385","cg23060047","Age at menopause",-0.13,0.02,6.1e-10,0.0630945743503309,0.0630945743503309,0.317310507862914,FALSE
"386","cg16317516","HDL cholesterol",0.0461,0.0037,4.133e-33,0.0495178782996499,0.0312744494524105,0.113345509219526,TRUE
"387","cg16317516","Height",-0.019,0.0032,1.8e-09,-0.161584655504121,0.0192859104956531,5.3661893958658e-17,TRUE
"388","cg21377521","Mean platelet volume",0.0072,0.0011,2.528e-11,0.00721638176391463,0.0158760398806122,0.649436283726755,TRUE
"389","cg06891043","Birth weight",0.024,0.0039,4.8e-10,-0.0778216539931352,0.0229927614070627,0.000712780538189562,FALSE
"390","cg09012858","Schizophrenia",-0.100804244576614,0.014,5.637e-13,-0.421672327795452,0.0443081176656219,1.78561511611855e-21,TRUE
"391","cg08313539","Age at menarche",-0.035,0.00561601590486383,4.6e-10,0.276911858442658,0.201800823337399,0.17,FALSE
"392","cg14479798","Mean cell haemoglobin",-0.0839,0.0095,1.646e-19,-0.117953547276443,0.154847437960265,0.44621496596092,TRUE
"393","cg14479798","Red blood cell count",0.0154,0.0021,3.945e-14,0.030566020291348,0.0295000481171584,0.300139356541085,TRUE
"394","cg14479798","Mean cell volume",-0.1902,0.0243,1.251e-16,-0.19262674922239,0.525366043697964,0.713878276248494,TRUE
"395","cg00267142","Crohn's disease",0.164598765139384,0.0243,1.141e-11,-0.236306955966473,0.246256813519748,0.337258781842748,FALSE
"396","cg22676075","Haemoglobin concentration",-0.0361,0.0063,8.342e-10,0.0610120290031919,0.0521813405948352,0.242310667451486,FALSE
"397","cg22676075","Mean cell haemoglobin concentration",0.018,0.0039,1.026e-12,0.00722510869774641,0.0297032246462908,0.8078169693465,TRUE
"398","cg11263074","Crohn's disease",-0.156104253476915,0.0229,8.849e-12,-0.00303651948508329,0.0673143019284846,0.964019970232177,TRUE
"399","cg08157575","Red blood cell count",-0.0156,0.0021,3.568e-14,-0.0520624913229181,0.0244999959166673,0.0335866128968976,TRUE
"400","cg08157575","Mean cell volume",0.191,0.0244,2.615e-16,0.142916642847226,0.276645787225702,0.605431808695649,TRUE
"401","cg08157575","Mean cell haemoglobin",0.085,0.0095,8.984e-20,-0.0816666530555578,0.110249981625003,0.458850651929467,FALSE
"402","cg23245481","Mean cell haemoglobin",0.0851,0.0095,8.423e-20,-0.0444411076205389,0.0750785378740923,0.553898634933663,FALSE
"403","cg23245481","Mean cell volume",0.1911,0.0244,2.521e-16,0.050164583601972,0.193924833253261,0.795881723455424,TRUE
"404","cg23245481","Red blood cell count",-0.0156,0.0021,3.666e-14,-0.00101002517319407,0.0164970778288364,0.951180426277801,TRUE
"405","cg16932827","Mean cell volume",0.1873,0.0243,6.098e-16,-0.520070114635033,0.278502038355421,0.0618480505590882,FALSE
"406","cg16932827","Red blood cell count",-0.0154,0.0021,5.573e-14,0.029946455737142,0.0239571645897136,0.21129954733371,FALSE
"407","cg10415171","Systemic lupus erythematosus",0.235704333359068,0.0292927331817462,5.65783e-17,-0.226388175269111,0.397792311758279,0.569280481303948,FALSE
"408","cg23534245","Extreme height",0.18,0.028,2.4e-10,-0.202032623876743,0.281088868002424,0.472294969945709,FALSE
"409","cg04905201","Hip circumference",-0.03,0.0046,1.1e-10,0.0056,0.01328,0.673253679221792,FALSE
"410","cg04905201","Height",-0.068,0.0031,1.7e-108,0.0112,0.00896,0.21129954733371,FALSE
"411","cg02222454","Serum creatinine (eGFRcrea)",0.0077,0.0011,6.6e-12,-0.00577964524537484,0.0173389357361245,0.738882680363527,FALSE
"412","cg18576206","Height",-0.064,0.003,4.5e-101,0.022584420954916,0.0233631940912925,0.333710695743566,FALSE
"413","cg18576206","Extreme height",0.22,0.026,1.4e-17,0.249207403640453,0.202481015457868,0.218409186619242,TRUE
"414","cg18576206","Hip circumference",-0.028,0.0045,4.3e-10,0.00467263881825849,0.0358235642733151,0.896222449100445,FALSE
"415","cg02879453","Crohn's disease",-0.147595545078873,0.0227,7.6e-11,-0.509478197841124,0.210566308932818,0.0155392199461326,TRUE
