"","cpg","outcome","beta.primary","se.primary","pval.primary","beta.secondary","se.secondary","pval.secondary"
"1","cg16567172","Years of schooling || id:1001",0.200029688616942,0.0315836350447803,2.39920452311641e-10,0.00263898895055326,0.0118754502774897,0.824140895741885
"2","cg16567172","Schizophrenia || id:22",0.81587672087167,0.121070601004991,1.59644185627478e-11,-0.0275775191230926,0.0564743635418398,0.625323725005898
"3","cg07249939","Crohn's disease || id:30",1.30077001060877,0.186618792042609,3.16494270528459e-12,0.0394127780436461,0.176531439318699,0.823331530612912
"4","cg03456213","Birth weight || id:1084",-0.455753029095588,0.0568597829006012,1.09792895920263e-15,0.0178489204960402,0.00961095719017551,0.0632908322333453
"5","cg13916835","Inflammatory bowel disease || id:31",-1.09907043109634,0.161455402429951,9.94685192462471e-12,0.0619398885159767,0.134778809449591,0.64582707497406
"6","cg11261850","Ulcerative colitis || id:32",-1.56324747419443,0.240927332696893,8.67179022807825e-11,-0.00188298878022195,0.0693772930808789,0.978347047403341
"7","cg11261850","Eczema || id:996",-1.41776064826867,0.191576803863055,1.3569127806174e-13,-0.0418370325122766,0.0549956200795717,0.446816022682836
"8","cg14026106","Mean cell volume || id:273",-0.983764136915937,0.153797629954492,1.58995094324793e-10,0.980357902568455,0.290818958518735,0.000748891334556538
"9","cg04553793","Schizophrenia || id:22",-1.05276386784178,0.102657705333376,1.12272944916436e-24,-0.0780948526781594,0.0447374878009634,0.0808762302726164
"10","cg12966376","Triglycerides || id:302",-0.199595903447355,0.0272485875013454,2.38898714259858e-13,0.25983650968703,0.0634827836167175,4.2578499781395e-05
"11","cg07790778","Rheumatoid arthritis || id:833",1.25994080988543,0.166519075826009,3.83871138238234e-14,-0.847516687859382,0.260302339512971,0.00113036153528553
"12","cg19911850","Height || id:89",-0.283275801367008,0.0418169040113202,1.25102102850276e-11,-0.00242767992092237,0.00708073310269025,0.731705934672859
"13","cg14643892","Schizophrenia || id:22",-1.23059942460323,0.12027954913941,1.43785241811077e-24,-0.0117994869014848,0.029512392774533,0.689293041735056
"14","cg14643892","Systemic lupus erythematosus || id:288",2.28950903099597,0.267501904818608,1.13997619297246e-17,0.0847008522648367,0.0715168313264117,0.236275135490036
"15","cg16500987","Crohn's disease || id:30",0.834082175811199,0.130035361598553,1.41497402152426e-10,0.350138426862068,0.228745830480539,0.125846597587569
"16","cg14515364","Body mass index || id:2",0.109990577685773,0.00826518791858408,2.08832797223166e-40,0.00370630841489528,0.0342833528377814,0.913909936512377
"17","cg14515364","Hip circumference || id:48",0.101725389767189,0.00974868318602225,1.7200701641712e-25,0.0370630841489528,0.0416959696675719,0.374062797490882
"18","cg14515364","Obesity class 1 || id:90",0.339084632557296,0.0360277422092127,4.87875854319094e-21,0.00926577103723821,0.120455023484097,0.938684739206775
"19","cg14515364","Obesity class 2 || id:91",0.445048580231451,0.0551012527905606,6.64214157497048e-16,-0.315036215266099,0.176049649707526,0.0735385619032395
"20","cg23120936","Rheumatoid arthritis || id:833",0.595777165372956,0.0730696295786021,3.53382565329544e-16,0.548294595845091,0.234008560182801,0.0191266358757722
"21","cg26501007","Height || id:89",0.17890966677786,0.0213537344218736,5.36618939586572e-17,-0.0263700910427393,0.0566956957418896,0.641848188772075
"22","cg09140281","Height || id:89",-0.348181927105041,0.0327700637275333,2.28012169256078e-26,-0.186384488834327,0.0484599670969249,0.000119986440897799
"23","cg27575890","HDL cholesterol || id:299",0.274351197347011,0.0316072808003469,3.9576882335745e-18,0.00760411045622219,0.0143934947921349,0.597289822267907
"24","cg17356252","Crohn's disease || id:30",1.69909542129918,0.228727591379643,1.09863276010254e-13,0.000591516307782175,0.173897099053325,0.997285976466074
"25","cg17356252","Inflammatory bowel disease || id:31",1.42879946083964,0.169317827384931,3.21257797403301e-17,-0.104707253182968,0.12598667380394,0.405918356661632
"26","cg13620881","Age at menopause || id:1004",0.454132485405651,0.0534273512241943,1.89590696444066e-17,0,0.803490362133106,1
"27","cg00084347","Years of schooling || id:1001",-0.22282093237966,0.0290635998756078,1.76523743209072e-14,0.0166566634149158,0.00832833170745791,0.0455002638963584
"28","cg24087404","Waist-to-hip ratio || id:72",-0.161999320849001,0.0242998981273502,2.6167849372106e-11,0.0128732804336865,0.0443412992715869,0.771569465555293
"29","cg19918208","Schizophrenia || id:22",0.195057701562538,0.0218790034249911,4.86532993473019e-19,-0.255313908467904,0.108829090524444,0.0189757041680128
"30","cg22993195","Years of schooling || id:1001",0.244476661035554,0.0366714991553331,2.61678493721062e-11,-0.0376147437758883,0.022568846265533,0.0955807045456294
"31","cg18329175","Height || id:89",-0.320495077486969,0.0330207049532029,2.84603037759936e-22,-0.00303670003831303,0.00885704177841301,0.731705934672859
"32","cg04059762","Waist circumference || id:60",-0.211967196898684,0.0266921655353899,2.00272498062683e-15,-0.00937430608163966,0.0128896708622545,0.467058901715173
"33","cg04059762","Obesity class 1 || id:90",-0.863570061439085,0.102058279988255,2.63873009612379e-17,-0.0615188836607603,0.0380831184566611,0.106227429780004
"34","cg04059762","Overweight || id:93",-0.510291399941277,0.0753661144528656,1.28042711277607e-11,-0.0237287122691504,0.0266581829196628,0.373406882937456
"35","cg13386903","Crohn's disease || id:30",-1.05025080233846,0.154389433803837,1.02741916005451e-11,0.0789729843400556,0.171498122465699,0.645165326275694
"36","cg01550017","Height || id:89",-0.17520151093783,0.0210241813125396,7.85974686970221e-17,-0.00900003854004583,0.0428545670603915,0.833657119751113
"37","cg00217306","Serum creatinine (eGFRcrea) || id:1105",-0.023655020743366,0.00320038515939657,1.45395388388969e-13,0.0101598253413137,0.00733765163539322,0.166170104682876
"38","cg14580211","Crohn's disease || id:30",-0.810990189643891,0.0957764649786884,2.50649152421364e-17,0.0442808090879573,0.157500975960732,0.778598227181716
"39","cg14580211","Inflammatory bowel disease || id:31",-0.481723912488581,0.0740326188754186,7.67101025522704e-11,-0.121238315321453,0.119970193501657,0.312222133225426
"40","cg23232773","HDL cholesterol || id:299",0.12911610501161,0.0156632651981297,1.67604356568259e-16,0.0269472420554511,0.041213429025984,0.513210927875975
"41","cg26964651","Mean cell haemoglobin || id:271",-0.96935726088769,0.0974379837368974,2.5613219519869e-23,0.0432262331363658,0.12643673192387,0.732440944123526
"42","cg26964651","Mean cell volume || id:273",-2.29431293665024,0.248115278175398,2.30960466064057e-20,0.208566574882965,0.323116092694334,0.518612968290423
"43","cg26964651","Red blood cell count || id:275",0.179808238029945,0.0210948212213901,1.54389446590309e-17,-0.00324196748522743,0.0280970515386378,0.908140272657433
"44","cg27138204","Ulcerative colitis || id:32",0.985563881309839,0.146681779334841,1.82898836816043e-11,0.0765994053987189,0.161985005489819,0.636299076384419
"45","cg23980005","Forearm bone mineral density || id:977",-0.357314707265512,0.0420156392700289,1.82653096931665e-17,-0.299596043603529,0.278997237651112,0.282898174668827
"46","cg21474062","Hip circumference || id:48",-0.173435320102939,0.0183637397756053,3.57294620631064e-21,0.037507743534149,0.03629781632337,0.301447933138049
"47","cg21474062","Extreme height || id:86",-1.42829087143597,0.127525970663926,4.0773350070897e-29,0.38717670744928,0.223836533994115,0.0836785744218784
"48","cg21474062","Height || id:89",-0.397881028471448,0.0147930125970154,2.40997277209924e-159,0.066545996592845,0.0235935806101905,0.00479469575441645
"49","cg12261786","Age at menarche || id:1095",-0.238030957805254,0.0357579779919863,2.79999999999997e-11,0.0324967872494424,0.0603092321659508,0.59
"50","cg07139527","HbA1C || id:758",0.270878559693424,0.0299270929972904,1.41299455232543e-19,0.00540005788862057,0.0702007525520674,0.938684739206775
"51","cg02222454","Serum creatinine (eGFRcrea) || id:1105",-0.063151816967991,0.00902168813828444,2.55962508777167e-12,-0.00577964524537484,0.0173389357361245,0.738882680363527
"52","cg20191453","Crohn's disease || id:30",-1.37698897806971,0.194580881062229,1.47636083627458e-12,0.0493362325217529,0.181815906609928,0.786119797200349
"53","cg20191453","Inflammatory bowel disease || id:31",-0.973702199884461,0.141588641113367,6.1134850676947e-12,-0.079509153686379,0.133233518608895,0.550664023237778
"54","cg27468270","Obesity class 1 || id:90",-1.26964880720462,0.126964880720462,1.52397060483211e-23,0.356738189842475,0.254812992744625,0.161513318467542
"55","cg27468270","Obesity class 2 || id:91",-1.74576710990636,0.206317931170751,2.63873009612375e-17,0.2038503941957,0.4077007883914,0.617075077451974
"56","cg27468270","Overweight || id:93",-0.793530504502889,0.0952236605403467,7.85974686970209e-17,0.146092782506918,0.186862861346058,0.434321434162717
"57","cg06468106","Height || id:89",0.311368855330246,0.0482621725761881,1.10665957074827e-10,0.0789915841436941,0.0302026645255301,0.00891270293783834
"58","cg25031476","Ulcerative colitis || id:32",1.26932990761848,0.199845475130527,2.13146537086012e-10,-0.052886871380101,0.0657158860589955,0.420946288328685
"59","cg22700036","Schizophrenia || id:22",0.964348389729506,0.132679925650101,3.64224740123502e-13,0.0416981345783048,0.0466858065172588,0.37176874715941
"60","cg05925857","Crohn's disease || id:30",-2.7184393147887,0.377568782039579,6.02779927773222e-13,0.443528618036866,0.345552377166522,0.199304657391195
"61","cg09532691","Type 1 diabetes || id:290",-2.07128365148053,0.28736509427698,5.68434188608075e-13,-0.62107872003332,0.379816805976324,0.102005870796793
"62","cg07723558","Birth weight || id:1084",0.288731325876894,0.0418943492448827,5.50552086885749e-12,-0.029578972899745,0.0449600388076124,0.510605772861378
"63","cg24527881","Inflammatory bowel disease || id:31",-0.586196179932371,0.091870678992878,1.7631870583231e-10,0.296448164110538,0.175129990691659,0.090506464437837
"64","cg16974014","Systemic lupus erythematosus || id:288",-1.74326320516392,0.2191447292589,1.79350280694364e-15,0.0357671469124205,0.109076765186608,0.742981204001798
"65","cg07398561","Rheumatoid arthritis || id:833",1.05996281353384,0.141826898849117,7.80079146152316e-14,-0.167186010206244,0.172428700183787,0.332248392726496
"66","cg26777456","Inflammatory bowel disease || id:31",1.07456561614319,0.132231036851398,4.42136515753142e-16,-0.0544693394583792,0.113234485797843,0.630494205856321
"67","cg26777456","Ulcerative colitis || id:32",1.05993892096651,0.166332725302548,1.86090844685111e-10,-0.0170353259903668,0.0864597483066811,0.843802597030878
"68","cg18933331","Systemic lupus erythematosus || id:288",1.78885049014406,0.224875483625209,1.79350280694366e-15,0,NA,NA
"69","cg04905201","Hip circumference || id:48",0.241863509971629,0.0370857381956498,6.94968112763101e-11,0.0056,0.01328,0.673253679221792
"70","cg04905201","Height || id:89",0.548223955935693,0.0249925626970684,1.19163818464595e-106,0.0112,0.00896,0.21129954733371
"71","cg21213853","Inflammatory bowel disease || id:31",2.68777703780072,0.405833307006821,3.52315483961804e-11,0.107008851368979,0.055690517573487,0.0546697837588036
"72","cg08421271","Rheumatoid arthritis || id:833",-1.12787869747267,0.115600051374742,1.72628752928518e-22,-0.0986358675420936,0.0661505108572669,0.135939842461254
"73","cg26496204","Systemic lupus erythematosus || id:288",1.74216132052714,0.210394048086852,1.22691460754816e-16,0.302821260362725,0.227517731131486,0.183196010421367
"74","cg04211581","Birth weight || id:1084",-0.121745687479861,0.0138741524193574,1.70903866088583e-18,-0.0333390790043958,0.0361764474303018,0.35675362903619
"75","cg21066748","Body mass index || id:2",0.233062038264919,0.032567621067587,8.29138764486641e-13,-0.0156317511582184,0.02518483115921,0.534809403200835
"76","cg21066748","HDL cholesterol || id:299",-0.258505492223972,0.0376563118593974,6.65542248877183e-12,-0.0529682837687522,0.0697836119493085,0.447830935434675
"77","cg21066748","Fasting proinsulin || id:769",0.498691697597426,0.0773481000355191,1.13808900898449e-10,-0.0432426095762321,0.119066952081543,0.716471217769918
"78","cg21066748","Height || id:89",-0.254434539590523,0.032567621067587,5.60646440839367e-15,0.00062335947720865,0.0203802574452802,0.975599358138214
"79","cg15903282","Height || id:89",0.178303828102142,0.028366518107159,3.26349665362185e-10,0.00924228450788466,0.00836206693570517,0.269045576986182
"80","cg22833065","Rheumatoid arthritis || id:833",0.743024885980274,0.0908258280007294,2.82044104018227e-16,-0.400349261661555,0.218451393618044,0.0668516979781019
"81","cg13072943","Crohn's disease || id:30",2.61560657331858,0.382984132081025,8.51855997598376e-12,-0.0226696056489243,0.196850090497806,0.908316896905572
"82","cg09682183","Crohn's disease || id:30",-0.748250876412902,0.110640412459827,1.35249585126268e-11,0.0407065775840191,0.0636569145813685,0.522518343363104
"83","cg26722342","Height || id:89",-0.267445740353487,0.0394800854807528,1.25102102850278e-11,-0.0303625040078505,0.0510090067331889,0.551684329116147
"84","cg24873410","Crohn's disease || id:30",-1.53175634758305,0.221871275905167,5.06272654181745e-12,0.649365967525305,0.454339749540741,0.152931834542529
"85","cg14479798","Mean cell haemoglobin || id:271",-0.782563113388638,0.08860964931099,1.03208311903037e-18,-0.225938856641795,0.0927963161207374,0.0149007388623251
"86","cg14479798","Mean cell volume || id:273",-1.77405845252108,0.226654155606006,4.99011903309352e-15,-0.563502267457811,0.239387598108569,0.0185759797231084
"87","cg14479798","Red blood cell count || id:275",0.143640905198868,0.019587396163482,2.24497625427109e-13,0.0511052175737394,0.0201731122001603,0.0112983455111213
"88","cg25315312","Schizophrenia || id:22",-0.22989339130881,0.0315788479564058,3.33868904396178e-13,-0.117033377803268,0.110348774886074,0.28888215829875
"89","cg23164938","Birth weight || id:1084",0.355257012120301,0.0395829539966909,2.83351790698917e-19,-0.0732459743438023,0.0531392362886408,0.168086495435629
"90","cg22352176","Coronary heart disease || id:7",0.596080283429655,0.0886942987858811,1.8095846771933e-11,-0.0288164293293242,0.0437730812260928,0.510336425823986
"91","cg21103992","Crohn's disease || id:30",2.7751656109236,0.300229349115825,2.38595739738026e-20,0.229974448762605,0.146127308652643,0.115534817073283
"92","cg21103992","Inflammatory bowel disease || id:31",1.78435934017002,0.221908649346479,8.91348389289013e-16,0.087707198844698,0.107371805053464,0.414011280604504
"93","cg07870237","Crohn's disease || id:30",2.35653198173306,0.298939734525986,3.19698211262652e-15,0.0877491333173335,0.106783193439612,0.4112189607422
"94","cg07870237","Inflammatory bowel disease || id:31",1.51803047139957,0.219998938828648,5.19396902410568e-12,0.130016414014214,0.0784624334404106,0.0975087517388623
"95","cg17353412","Mean cell haemoglobin || id:271",-1.08557257680017,0.117830993260722,3.17244497465526e-20,0.0899031627220541,0.0881229020740927,0.307632659727164
"96","cg17353412","Mean cell volume || id:273",-2.54973177083617,0.303305704874821,4.22517985180474e-17,0.155772806696628,0.224312841643145,0.487403529676025
"97","cg17353412","Red blood cell count || id:275",0.19638498876787,0.0261846651690493,6.38178334582179e-14,-0.00890130323980734,0.0195828671275761,0.649436283726755
"98","cg18007957","Birth weight || id:1084",-0.101657556545037,0.0133009887068272,2.12453672528031e-14,-0.0557185840050518,0.0219336648146871,0.0110750268293083
"99","cg04856285","Crohn's disease || id:30",-0.942609420606363,0.140371356116589,1.87921430650837e-11,0.0310142074094088,0.0923256261404153,0.736929699374577
"100","cg26683025","Eczema || id:996",-0.347063663450549,0.0411379372212985,3.26746836703697e-17,-0.618493783730169,0.344217190136348,0.0723653756731587
"101","cg13489049","Inflammatory bowel disease || id:31",-0.927261821250209,0.136782913587394,1.20946562124346e-11,-0.481933394066441,0.195969015838168,0.0139234373051008
"102","cg04159302","Crohn's disease || id:30",-1.08793373018324,0.128521979863732,2.56235290193211e-17,0.066193747884498,0.0683567456310669,0.332865998997418
"103","cg04159302","Inflammatory bowel disease || id:31",-0.643999834670548,0.0993440168676415,9.02015665796191e-11,-0.0393685163450523,0.0523124601673648,0.451711474079757
"104","cg25981875","Triglycerides || id:302",0.248971084986967,0.0282574544310362,1.242438992214e-18,-0.0256815279453722,0.0573436856862421,0.654259462941562
"105","cg21421172","Crohn's disease || id:30",2.05446864842578,0.302018756954379,1.02851988385235e-11,0.0305658113939237,0.109801881296797,0.780726516892342
"106","cg05340042","Crohn's disease || id:30",-0.516765205593646,0.0640651843639112,7.24957414301305e-16,0.000598610079620901,0.184979762974475,0.997417982923303
"107","cg09554443","Hip circumference || id:48",0.403004262441749,0.0617939869077349,6.94968112763101e-11,0.021473789093033,0.0289896152755946,0.458850651929467
"108","cg09554443","Extreme height || id:86",3.35836885368124,0.362703836197574,2.05855332860971e-20,-0.413370440040886,0.182527207290781,0.0235307342707367
"109","cg09554443","Height || id:89",0.913476328201298,0.0416437737856474,1.19163818464604e-106,0.0102000498191907,0.0193264101837297,0.597653582632867
"110","cg22860181","Height || id:89",0.289195650497417,0.0373544381892496,9.79146744902738e-15,-0.0326816401719533,0.0247105084226964,0.185974874255209
"111","cg06507285","Schizophrenia || id:22",0.552998560688526,0.0868983605175982,1.9689951467363e-10,-0.288943642918697,0.0954244425696465,0.00246191483733564
"112","cg11096441","HDL cholesterol || id:299",-0.42012707868603,0.031216872719705,2.75050387343463e-41,0.038189528423093,0.027352475046673,0.162654246312421
"113","cg18803104","Systemic lupus erythematosus || id:288",-2.28265987150241,0.275667956297809,1.22691460754816e-16,0.267045269512574,0.128301798895866,0.0373988018473518
"114","cg16503057","Inflammatory bowel disease || id:31",-0.763808955628078,0.116801676728814,6.17800180001436e-11,0.210174434912438,0.220554660509516,0.340622592875136
"115","cg00222799","Inflammatory bowel disease || id:31",-1.00553239742089,0.153457157794999,5.65709239163934e-11,-0.183294421223235,0.128129732997349,0.152562736414098
"116","cg03909886","Height || id:89",0.183025889975431,0.0139677652875987,3.14631476731228e-39,0.0143370040823226,0.0226058851025209,0.5259401541613
"117","cg21815063","Crohn's disease || id:30",1.60299695413008,0.183137484248669,2.07809456616e-18,0.518848319347885,0.148829371598476,0.000489942390832068
"118","cg21815063","Inflammatory bowel disease || id:31",1.00690865431273,0.132642786945538,3.17127306038404e-14,0.318823755828249,0.110198797003243,0.00381375892985673
"119","cg21685006","Systemic lupus erythematosus || id:288",-10.1684207675207,0.437970971441422,3.05864237656722e-119,-0.787297261878568,0.206858802324555,0.000141252633652572
"120","cg24376776","Crohn's disease || id:30",2.09737764948557,0.246192989945182,1.60601009435392e-17,0.0237931544774094,0.159932052697271,0.881734812865604
"121","cg09931783","Schizophrenia || id:22",1.06788757710529,0.162544361065207,5.03753248462969e-11,-0.240874751790199,0.095945410644367,0.012054680462092
"122","cg26167841","Mean cell haemoglobin || id:271",-0.357662541832949,0.0449302446829949,1.71489488653755e-15,-0.03175009826108,0.02819189759389,0.260075121596543
"123","cg26167841","Mean cell volume || id:273",-0.935082914095597,0.114772308200126,3.72180197780033e-16,0.01395909492513,0.0714377210874299,0.845078017077611
"124","cg26167841","Red blood cell count || id:275",0.068062647886121,0.00978678597055334,3.53700587292246e-12,0.00437932389807999,0.00602157035985999,0.467058901715173
"125","cg26014401","Mean cell haemoglobin || id:271",0.772685188346893,0.105366162047304,2.24497625427109e-13,0.014892185232723,0.0310253859015062,0.631227393032445
"126","cg26014401","Mean cell volume || id:273",1.85463957455485,0.272195918622201,9.51728513874066e-12,0.00837685419340667,0.0788044801898257,0.915344956307408
"127","cg26014401","Red blood cell count || id:275",-0.145366279120817,0.0224390900656295,9.27858354317176e-11,-0.00155126929507531,0.00682558489833136,0.820211678728453
"128","cg23856413","Systemic lupus erythematosus || id:288",-2.40729825877413,0.360747066962509,2.50469771833647e-11,-0.150110049403931,0.0860861465523521,0.0812081005730292
"129","cg13879495","Inflammatory bowel disease || id:31",-0.508128653835163,0.079987294771729,2.1168221548297e-10,0.115708253346037,0.135165784270826,0.391971826903088
"130","cg16317516","HDL cholesterol || id:299",0.405944578438443,0.0325812351458186,1.24209644134027e-35,0.0495178782996499,0.0312744494524105,0.113345509219526
"131","cg16286844","Age at menopause || id:1004",-0.425846704919868,0.0608352435599811,2.55962508777167e-12,0.0420341855624342,0.0840683711248684,0.617075077451974
"132","cg23530239","Crohn's disease || id:30",0.742506276680242,0.109150236683671,1.02741916005451e-11,0.1596272989162,0.135498513420412,0.238767037988455
"133","cg04053108","Platelet count || id:1008",-13.9144581272289,2.11652400892279,4.89145160233148e-11,0.979241732658444,2.56039255853628,0.702121932564651
"134","cg07097417","Height || id:89",0.152629705764616,0.0208131416951749,2.2449762542711e-13,-0.0896860986547085,0.0279023418036871,0.00130769480810928
"135","cg20442078","Triglycerides || id:302",-0.316669481506502,0.0370524835504207,1.26864654846156e-17,-0.00835431659183984,0.0401007196408312,0.834968706358955
"136","cg21361322","Systemic lupus erythematosus || id:288",2.01816143339249,0.31742495054409,2.04508148324896e-10,-0.16798797858941,0.0904617372112407,0.0633103164704397
"137","cg24973591","Gout || id:1054",2.0543448160252,0.271173515715327,3.57037970794093e-14,-2.00339870698291,0.377110344843841,1.08131426697045e-07
"138","cg11947712","Hip circumference || id:48",0.245012222948477,0.0371470144470272,4.23126563418987e-11,-0.038656506018818,0.0309252048150544,0.211299547333711
"139","cg02879453","Crohn's disease || id:30",1.52270084399865,0.234189379769545,7.9255732451596e-11,-0.509478197841124,0.210566308932818,0.0155392199461326
"140","cg09198277","Systemic lupus erythematosus || id:288",3.84448130696595,0.576116960341425,2.50469771833647e-11,5.15523076154406,0.367112889935955,8.54795724514081e-45
"141","cg16205897","Height || id:89",-0.051519954580008,0.00798559295990125,1.10665957074828e-10,-0.0620240496904326,0.00809009343788251,1.76523743209072e-14
"142","cg24173182","Inflammatory bowel disease || id:31",0.830778059582942,0.127757494121678,7.88524275984172e-11,0.573973135876645,0.156662359671887,0.000248540616177816
"143","cg26170066","Age at menopause || id:1004",-1.54908135172839,0.172120150192043,2.25717681190768e-19,-0.492066251800142,0.164022083933381,0.00269979606326019
"144","cg23603057","Crohn's disease || id:30",-2.14701081286805,0.311174282057066,5.211056452551e-12,-0.486855553488064,0.274441041681738,0.0760648707502
"145","cg00977161","Mean cell haemoglobin || id:271",0.981911635344876,0.137985072971927,1.11046761588675e-12,0.116999665715241,0.134999614286816,0.386124674283814
"146","cg00977161","Mean cell volume || id:273",2.40734671952809,0.354818759070671,1.16310078345688e-11,0.438427318779089,0.341999022859935,0.19985847202146
"147","cg00977161","Red blood cell count || id:275",-0.221761724419169,0.0295682299225559,6.38178334582179e-14,-0.0231427910205971,0.0295713440818741,0.433856933557041
"148","cg23891487","Height || id:89",0.609397181538035,0.0498597693985665,2.36529388764008e-34,0.0882007975604035,0.0272108843537415,0.0011895279103263
"149","cg02378006","Height || id:89",-0.264473527053082,0.0264473527053082,1.52397060483211e-23,0.01833981956971,0.0378117352892328,0.627655185136566
"150","cg13136655","Mean cell volume || id:273",2.51979939513936,0.339962141815887,1.24408757813264e-13,0.256101372054996,0.337146110047084,0.44748452032444
"151","cg13136655","Red blood cell count || id:275",-0.209416679358587,0.0285568199125345,2.24497625427109e-13,-0.0265826740614047,0.0291761056771515,0.362236832619456
"152","cg15995125","Rheumatoid arthritis || id:833",1.34260317525914,0.181653460450714,1.45713841956414e-13,-0.0529408085743599,0.093642112444134,0.5718339810416
"153","cg08157575","Mean cell haemoglobin || id:271",-0.723613641394106,0.0808744658028706,3.64057542246105e-19,-0.0816666530555578,0.110249981625003,0.458850651929467
"154","cg08157575","Mean cell volume || id:273",-1.62600241772087,0.207719680588426,4.96209146636588e-15,0.142916642847226,0.276645787225702,0.605431808695649
"155","cg08157575","Red blood cell count || id:275",0.132804385949977,0.0178775134932661,1.09776796737862e-13,-0.0520624913229181,0.0244999959166673,0.0335866128968976
"156","cg05985737","Height || id:89",-0.239528990193683,0.0325759426663409,1.93892280798619e-13,-0.0045865878996638,0.0418526145844322,0.91273530224508
"157","cg16179589","Type 2 diabetes || id:23",0.735070487616239,0.112843009866546,7.31274738688851e-11,-0.175342511554297,0.102385308267975,0.086790769774949
"158","cg18608055","Crohn's disease || id:30",-1.10495191065479,0.164326325500244,1.76642195348544e-11,0.496805900525082,0.149410302124022,0.000883832094323594
"159","cg18608055","Inflammatory bowel disease || id:31",-0.83494814959236,0.125661307735481,3.04386368894015e-11,0.446936513712636,0.109693639534092,4.61317776639887e-05
"160","cg03626278","Birth weight || id:1084",0.260529326373066,0.0403772387736856,1.10106371178181e-10,0.0873564729142841,0.0472846963480987,0.0646808438473685
"161","cg05417517","Systemic lupus erythematosus || id:288",2.13093253775674,0.267878443526128,1.79350280694367e-15,-0.0622373091437575,0.238603539985951,0.794216019915237
"162","cg15723468","Triglycerides || id:302",-0.341515512016914,0.0504017803994428,1.23666620056645e-11,-0.0259147241558033,0.0239465172578942,0.27916731988398
"163","cg19939773","Age at menopause || id:1004",2.24574431452398,0.320820616360568,2.55962508777167e-12,0.479990645023342,0.519089534391659,0.355133453941527
"164","cg14628260","Triglycerides || id:302",0.112377596440958,0.0173630621110493,9.65719494503157e-11,0.0349997996721992,0.0299340391933283,0.242310667451486
"165","cg14196790","Height || id:89",0.0918556596864716,0.0102989679042408,4.70861932123385e-19,0.0366825298228967,0.00880380715749522,3.09085937645921e-05
"166","cg17901584","HDL cholesterol || id:299",0.47819974763394,0.0503909411485227,2.31487021175648e-21,-0.022365229523168,0.0260927677770293,0.391365938307552
"167","cg17901584","LDL cholesterol || id:300",0.519335209795999,0.0555328739187801,8.61263486418902e-21,0.0213002185934933,0.0282227896363786,0.450418815379629
"168","cg17901584","Total cholesterol || id:301",0.525505529120308,0.0545044873647286,5.3396948109413e-22,0.004792549183536,0.0276902841715413,0.862590963908731
"169","cg17901584","Triglycerides || id:302",-0.536817781214874,0.0493625545944712,1.51655792245262e-27,0.000532505464837333,0.025560262312192,0.983378607349656
"170","cg06949812","Ulcerative colitis || id:32",-1.58002948148534,0.232286001043096,1.0311462031451e-11,-0.125385373364375,0.0508583763745889,0.0136866889664599
"171","cg06949812","Rheumatoid arthritis || id:833",-1.04430285497382,0.152499136894814,7.49281305096283e-12,0.0482461125484802,0.0583021952866585,0.407943557972888
"172","cg11823286","Height || id:89",0.260998842570517,0.0351344595768004,1.09776796737863e-13,0.0943189478443959,0.0343986750961915,0.00610783369159227
"173","cg23669118","Hip circumference || id:48",0.323202161909687,0.0469164428578578,5.62298348825586e-12,-0.0571600868261719,0.0428700651196289,0.182422439451736
"174","cg23669118","Height || id:89",0.761088961916359,0.0312776285719052,8.70390104684094e-131,0.0119083514221191,0.0285800434130859,0.676922239021379
"175","cg07742396","Mean cell haemoglobin || id:271",-0.878573104796431,0.11560172431532,2.96130749800962e-14,-0.18780979225232,0.207342010646562,0.365043255498737
"176","cg07742396","Mean cell volume || id:273",-2.08429908940522,0.293628379760912,1.26186454400893e-12,-0.652075598700056,0.530374853320552,0.218898728116392
"177","cg05884870","Height || id:89",-0.280098429883537,0.0263622051655093,2.28012169256078e-26,0.0251903323379923,0.0103344953181507,0.0147892142217614
"178","cg13945224","Birth weight || id:1084",-0.133018396444228,0.0168308991419228,2.71776600785115e-15,-0.0813384555704329,0.0375408256478921,0.0302602800204716
"179","cg27354537","Crohn's disease || id:30",0.742122367945721,0.108684736446035,8.59797626226992e-12,0.381046409692126,0.17237730336533,0.0270679145294112
"180","cg27354537","Inflammatory bowel disease || id:31",0.677782153394736,0.0786877491869295,7.08221704438994e-18,0.354839597036611,0.127801846061455,0.00549505825877655
"181","cg27354537","Ulcerative colitis || id:32",0.667328155240762,0.0991204796387841,1.66777869847756e-11,0.330532892850095,0.247606678173503,0.181905457984816
"182","cg23851932","Hip circumference || id:48",0.334898104859467,0.0363603656704564,3.24529730981917e-20,-0.0170737894334847,0.0418133618779217,0.683028970338516
"183","cg23851932","Height || id:89",0.746344347972527,0.0287055518450972,4.95212663100678e-149,-0.0174222341158007,0.0271786852206491,0.521506023912167
"184","cg26651775","Height || id:89",0.149297495564371,0.0214988393612695,3.79952559795503e-12,0.0253539495875588,0.0138601591078655,0.0673594261587608
"185","cg09743596","Hip circumference || id:48",0.280214532245887,0.0280214532245887,1.52397060483208e-23,-0.00339089868261164,0.0179233216080901,0.849944540437619
"186","cg09743596","Waist circumference || id:60",0.168128719347532,0.0264202273260408,1.97032303253729e-10,-0.0242207048757974,0.0164700793155423,0.141402507486613
"187","cg09743596","Height || id:89",0.624478100433692,0.023217775528945,2.40997277209947e-159,-0.00871945375528708,0.0159856652180263,0.585440934568927
"188","cg20135002","Height || id:89",0.115709994113254,0.0154279992151005,6.38178334582179e-14,0.0426680588166641,0.00803163460078384,1.08131426697045e-07
"189","cg05531309","Height || id:89",0.210077125706499,0.031054879452265,1.33580281240455e-11,-0.0262881689608774,0.0360245278352764,0.465555404903429
"190","cg22114489","Hip circumference || id:48",0.213928776818174,0.0220220799665768,2.62080063201554e-22,-0.0320491134859109,0.040951645009775,0.433856933557041
"191","cg22114489","Waist circumference || id:60",0.132132479799461,0.0207636753970581,1.97032303253728e-10,-0.0267075945715924,0.0391711387050022,0.495353925990435
"192","cg22114489","Extreme height || id:86",1.76176639732614,0.157300571189834,4.07733500708978e-29,-0.169148098953418,0.231465819620467,0.464920120624581
"193","cg22114489","Height || id:89",0.490777782112282,0.0182468662580208,2.40997277209924e-159,-0.0462931639240935,0.0267075945715924,0.0830364393775582
"194","cg12061886","Mean cell haemoglobin || id:271",-0.674177656838847,0.0826970256636436,3.5682815396636e-16,-0.186918141913077,0.0956125057712053,0.0505883872382098
"195","cg12061886","Mean cell volume || id:273",-1.52398804437286,0.212649494563655,7.68458321152635e-13,-0.0801077751056044,0.242046073168547,0.740674054670112
"196","cg12061886","Red blood cell count || id:275",0.129164878179405,0.018114586573941,1.00052374192122e-12,-0.0413459484416023,0.0206729742208011,0.0455002638963584
"197","cg20832320","Crohn's disease || id:30",-0.459377879746867,0.0670154435838413,7.14092486246223e-12,-0.0212878324493617,0.0677827704079341,0.753475742615103
"198","cg20832320","Inflammatory bowel disease || id:31",-0.449648866827502,0.0492188112628212,6.49779943349654e-20,0.0333633757538099,0.0499175440988662,0.503897609097757
"199","cg20832320","Ulcerative colitis || id:32",-0.432397942570487,0.0617320683635385,2.47993632094589e-12,0.0499132943012679,0.0627910159980474,0.426665043643889
"200","cg08342588","LDL cholesterol || id:300",0.389109518342743,0.0446420222594775,2.87653729919576e-18,0.0130233890765394,0.0279072623068701,0.640738381802541
"201","cg08342588","Total cholesterol || id:301",0.337228249230378,0.0422289399751814,1.39710939252564e-15,0.00976754180740454,0.0272095807491984,0.719614271159806
"202","cg13127506","Schizophrenia || id:22",-0.320870024733703,0.0498548032120129,1.22589967622603e-10,-0.338163148795877,0.0797664390138563,2.24101642208393e-05
"203","cg19610529","Height || id:89",-0.252058913581601,0.0237231918665037,2.28012169256078e-26,-0.0498397047334249,0.0552277809208222,0.366823698716426
"204","cg05721476","Mean cell volume || id:273",0.730315775818627,0.106231529018878,6.20963209683939e-12,-0.849622544738321,0.303963321213035,0.00518759205550008
"205","cg21086870","Height || id:89",0.137535673315266,0.0206303509972899,2.61678493721062e-11,0.00617754893390949,0.0254823893523767,0.808451451773901
"206","cg13598010","Triglycerides || id:302",-0.528203578072852,0.0415499373115321,5.03970878386868e-37,-0.18336038464934,0.0436572344403191,2.66914980318125e-05
"207","cg13568213","Myocardial infarction || id:798",0.764218077760003,0.10490552637458,3.22095483971974e-13,-0.150893294387504,0.0752775272442352,0.0450172504695328
"208","cg26657725","Hip circumference || id:48",0.344362839687224,0.0427484904439312,7.91186232978515e-16,0.0494545166810085,0.0414181577203446,0.232466291501977
"209","cg26657725","Extreme height || id:86",2.61240774935135,0.308739097650614,2.63873009612375e-17,-0.0457454279299328,0.253454397990169,0.856769627481156
"210","cg26657725","Height || id:89",0.759973163447666,0.0344362839687224,6.28121890743212e-108,0.0278181656330673,0.0265818027160421,0.295324879212805
"211","cg01300096","Schizophrenia || id:22",-1.37073223665954,0.216231661334883,2.30985602967916e-10,0.160803517434063,0.111448412882048,0.149062288472383
"212","cg25615068","LDL cholesterol || id:300",-0.115442633568637,0.0130879729917932,1.13936700899e-18,-0.0341251210295804,0.0275038288895125,0.214701538807096
"213","cg25615068","Total cholesterol || id:301",-0.0983275919639846,0.0127523839407216,1.252999128995e-14,0.0463490449804748,0.0264851685602713,0.0801183137276341
"214","cg15987431","Ulcerative colitis || id:32",-1.78351595100099,0.253802754102859,2.10759454153849e-12,-0.548516880484887,0.277349040658374,0.0479610614343468
"215","cg19662687","Inflammatory bowel disease || id:31",0.902351057478782,0.134920560645622,2.26214243115558e-11,-0.0097725786167823,0.0367814164309149,0.790475367130432
"216","cg19662687","Ulcerative colitis || id:32",1.25325650424175,0.17001550416616,1.68813977699906e-13,0.000773385083915209,0.0470649972150951,0.986889529684973
"217","cg23651889","Celiac disease || id:276",-0.59778820414775,0.0746756902025047,1.19345774960555e-15,0.00298256456029172,0.0861379250683208,0.972378406177903
"218","cg12349571","Height || id:89",-0.061288084869924,0.00839873755624884,2.93605573655279e-13,-0.0180416734901201,0.0228990471220755,0.43076760985781
"219","cg03110996","Systemic lupus erythematosus || id:288",-2.2150682468009,0.285277189374863,8.18920071066617e-15,0.134513191360189,0.410216219493915,0.742981204001798
"220","cg26712477","Schizophrenia || id:22",-1.91240668032557,0.229652858365156,8.26509284431272e-17,0.274757995177614,0.161935364136229,0.0897507495056874
"221","cg13257412","Crohn's disease || id:30",-1.47820751575304,0.19253336515703,1.62009004967894e-14,-0.0636553248090365,0.0841615704124695,0.449441364348589
"222","cg13257412","Inflammatory bowel disease || id:31",-1.31510839254348,0.140024265568749,5.88696219543917e-21,0.0251236493656825,0.0618835076562276,0.684755123734251
"223","cg13257412","Ulcerative colitis || id:32",-1.24986258754124,0.176621516796945,1.47838194702501e-12,0.0816901302099273,0.0781500296687217,0.295884904071965
"224","cg14581419","Years of schooling || id:1001",-0.194275924797556,0.026492171563303,2.2449762542711e-13,-0.00892563473535716,0.0178512694707143,0.617075077451974
"225","cg09504131","Crohn's disease || id:30",1.45448005354206,0.183599502241349,2.33671195312649e-15,-0.0610346146956232,0.195878026960047,0.7553483311795
"226","cg09504131","Inflammatory bowel disease || id:31",1.30331443677882,0.13373297076839,1.92546785867646e-22,0.191724979957134,0.156169016956044,0.219568557044507
"227","cg09504131","Ulcerative colitis || id:32",1.24286554155791,0.169243985605195,2.07874247660017e-13,0.509413282697161,0.207435126886585,0.0140582495858822
"228","cg01020263","Inflammatory bowel disease || id:31",-1.2787035977742,0.195573854863613,6.22580519894895e-11,-0.378631393286046,0.272803615376027,0.165159398212769
"229","cg08580836","Crohn's disease || id:30",0.947212217758521,0.116545588749466,4.38608610850016e-16,-0.00297499248864333,0.0828852794213908,0.971367762559947
"230","cg15626285","HDL cholesterol || id:299",0.451448449541984,0.0495492200716812,8.15425194119556e-20,0.086561282240143,0.0849874407448677,0.308431604810131
"231","cg26705561","Inflammatory bowel disease || id:31",2.66227065093197,0.315727678299806,3.39302607052684e-17,-0.315183839124753,0.172837188932163,0.0682143685919798
"232","cg26705561","Ulcerative colitis || id:32",2.67541243831642,0.397948427857048,1.78004742876537e-11,-0.426215141918093,0.215850968983154,0.0483157592229375
"233","cg15270729","Height || id:89",-0.10850685025447,0.0134548494315543,7.35264987869534e-16,0.323969084093118,0.0663365267428765,1.04102385774157e-06
"234","cg03036592","Crohn's disease || id:30",0.49943122350433,0.0565336340560587,1.00788531713214e-18,-0.117247702701775,0.260923648967951,0.653174602586632
"235","cg03036592","Inflammatory bowel disease || id:31",0.422648473760189,0.0414744564254055,2.18472793640701e-24,-0.0145042803513142,0.190894439006374,0.939434506113967
"236","cg03036592","Ulcerative colitis || id:32",0.388821430428338,0.0523368140606307,1.09244270398693e-13,0.225663514570977,0.241211723200988,0.34950944065402
"237","cg10548163","Height || id:89",-0.266478818409747,0.0347581067490975,1.76523743209072e-14,0.019892565411544,0.0125249485924536,0.112233142968296
"238","cg06580884","Crohn's disease || id:30",1.29939911809568,0.184628980724425,1.95167650683116e-12,0.0087380128088855,0.336811354647619,0.979302528222169
"239","cg26897297","Hip circumference || id:48",0.44884278195652,0.0666024773225804,1.59337318208765e-11,-0.0488125073058194,0.0462434279739341,0.291171315245308
"240","cg26897297","Extreme height || id:86",3.61969985448807,0.390927584284711,2.05855332860968e-20,0.0449588883079915,0.33398031314508,0.892915977166563
"241","cg26897297","Height || id:89",0.984558360420754,0.044884278195652,1.19163818464604e-106,0.00770723799565569,0.0398207296442211,0.846529514964004
"242","cg03132015","Schizophrenia || id:22",1.90776349147054,0.216853144126935,1.39909550827637e-18,0.0988937391100572,0.119288780943886,0.407088565177442
"243","cg03132015","Systemic lupus erythematosus || id:288",-5.26030194273052,0.485323685127303,2.25532218321467e-27,0.108008316400074,0.332712554843361,0.745461483838932
"244","cg20953257","Total cholesterol || id:301",0.152816915568654,0.0218309879383792,2.55962508777169e-12,0.0893658181002579,0.0624976636387425,0.152743844146391
"245","cg25021247","Age at menarche || id:1095",-0.250828316766998,0.0376189162195513,2.60000000000004e-11,0.040265889534332,0.137196268751532,0.769146769546785
"246","cg24983858","Height || id:89",0.236298956847514,0.032222585024661,2.24497625427112e-13,-0.0167223381173156,0.0494702502637252,0.735341960129593
"247","cg26952618","Inflammatory bowel disease || id:31",1.90967730803181,0.235463242948496,5.04953446128742e-16,-0.102392423232475,0.203570901794715,0.614977190321454
"248","cg26952618","Ulcerative colitis || id:32",1.88497965362066,0.296187974024686,1.96395934852405e-10,0.0941747172857796,0.241054765448533,0.696035496714192
"249","cg20515377","Crohn's disease || id:30",-0.710018898012841,0.106108996208896,2.21029005676882e-11,0.0512959000544962,0.0537434016181055,0.339851102206107
"250","cg21342636","Systemic lupus erythematosus || id:288",-1.51322717999587,0.120745331028004,4.96458133585433e-36,-1.89876057924577,0.284147449144123,2.35209113824818e-11
"251","cg14162120","Height || id:89",-0.243232286833926,0.0315301112562497,1.21661654905094e-14,-0.00833662166743549,0.00521038854214718,0.109598583399116
"252","cg25256067","Mean cell haemoglobin || id:271",-1.56419637646143,0.150614696228985,2.88905036133603e-25,-0.00560864928339597,0.0235706863040062,0.811919727295941
"253","cg25256067","Mean cell volume || id:273",-3.60220148480988,0.385950159086773,1.02592569419183e-20,0.00573558791155147,0.0595061423473231,0.923213625355812
"254","cg25256067","Red blood cell count || id:275",0.274558040000753,0.0329469648000904,7.85974686970209e-17,0.00736411387881115,0.00511212047104911,0.149720219764217
"255","cg19566658","Heart rate || id:1056",1.216758470164,0.157892801095598,1.29587510657604e-14,-1.04438547450519,1.35860927813892,0.442061581518241
"256","cg15007959","Primary biliary cirrhosis || id:287",2.47967128856922,0.372444165350984,2.77893079712191e-11,-0.0449212988734329,0.152574193657701,0.768434959040413
"257","cg19961803","Eczema || id:996",1.57659014528174,0.188379642088627,5.80022400504563e-17,0.123169700659211,0.0948743236206872,0.194204664145181
"258","cg22827524","Myocardial infarction || id:798",0.244716130340337,0.0368163694577271,2.99252721558349e-11,0.111338554298458,0.121156603023479,0.358114412113728
"259","cg17264271","Birth weight || id:1084",0.1007939397019,0.0111067702150854,1.13677501527844e-19,0,0.0270009382826053,1
"260","cg25902889","Crohn's disease || id:30",-1.53357346268505,0.196984509040531,6.95760124260023e-15,0.0960968052404391,0.0802011379726404,0.230840127636918
"261","cg25902889","Inflammatory bowel disease || id:31",-1.36015304439394,0.143261461120386,2.21907514046386e-21,0.128790485095092,0.0604755346888615,0.0332022103012818
"262","cg25902889","Ulcerative colitis || id:32",-1.27958785213378,0.180704797549578,1.43019732392294e-12,0.133384290861059,0.0778122981711596,0.0864956596665862
"263","cg21915666","Transferrin Saturation || id:1051",-0.883029490420431,0.126844015198515,3.36576638755557e-12,-0.48660950460657,0.188405218450236,0.00980073837855595
"264","cg21915666","Transferrin || id:1052",0.992798349726838,0.130096425844631,2.32488330549572e-14,0.400517053791561,0.192148368485671,0.0371223814645745
"265","cg05389922","Hip circumference || id:48",0.0755154229679253,0.0111762825992529,1.41114802012057e-11,0.041837863512584,0.0289173468395801,0.147950562490078
"266","cg05389922","Height || id:89",0.226546268903776,0.00966597413989444,1.77296314141359e-121,0.0861367778200258,0.0190731436601486,6.29802972533433e-06
"267","cg16655765","Mean cell haemoglobin || id:271",1.10408665407376,0.135222734147923,3.21572503331536e-16,-0.0630826071016936,0.0376625201460295,0.0939452458299294
"268","cg16655765","Mean cell volume || id:273",2.56504980239358,0.344330054995225,9.37708599158288e-14,0.0496935382640266,0.0957031102332556,0.60358861401455
"269","cg16655765","Red blood cell count || id:275",-0.227229955320736,0.0292750249186224,8.36632240056162e-15,-0.00609946060039729,0.0184101182356382,0.740410161006181
"270","cg03654783","Crohn's disease || id:30",-1.57112290319675,0.203236434811281,1.07109902930029e-14,-0.0656166349202549,0.204143390317359,0.747888912934402
"271","cg03654783","Inflammatory bowel disease || id:31",-1.39815601134585,0.148421628741848,4.50386104199063e-21,-0.185720966427002,0.147303465954486,0.207379062912886
"272","cg03654783","Ulcerative colitis || id:32",-1.32057581033634,0.187213645344832,1.7404175171366e-12,-0.241764805446083,0.184129332443108,0.189177472829196
"273","cg26999345","Iron || id:1049",2.04497260072645,0.209956119171093,2.03554358285924e-22,0.0010613095158497,0.0256836902835628,0.967038944221939
"274","cg26999345","Transferrin Saturation || id:1051",2.14995066031199,0.212055680362804,3.72345358349409e-24,0.00466976186973869,0.0261082140899027,0.858046227151526
"275","cg26999345","Haemoglobin concentration || id:270",1.00359024963783,0.1343719162695,8.09601842994839e-14,-0.0227120236391836,0.0150705951250658,0.131799826986556
"276","cg26999345","Mean cell haemoglobin || id:271",2.19824056772135,0.241449537046757,8.67862709949254e-20,-0.046273094891047,0.0258959521867327,0.0739560376138907
"277","cg26999345","Mean cell volume || id:273",5.50504944466606,0.60887274559617,1.54707203689465e-19,-0.0180422617694449,0.0670747614017012,0.787939423603169
"278","cg26999345","HbA1C || id:758",-0.470301706943249,0.0734846417098826,1.55376951634197e-10,-0.0110376189648369,0.0089149999331375,0.215680749361015
"279","cg27563174","HDL cholesterol || id:299",-0.251033151371324,0.0277691539127571,1.56671817367813e-19,0.0203458722071115,0.0144487808734698,0.159090317179397
"280","cg22616343","Schizophrenia || id:22",0.990172846830103,0.153084950593998,9.92253281633417e-11,-0.0176769673823576,0.030524015751601,0.562510429996137
"281","cg10441070","Birth weight || id:1084",0.302318919735997,0.0334054054956903,1.42968340225394e-19,0.161094714573601,0.056231173954936,0.00417187233602317
"282","cg01631325","Paget's disease || id:975",4.90999604798511,0.653389171479201,5.70599773148654e-14,0.261781615667164,0.603205313871763,0.664299866334601
"283","cg17153045","Mean cell haemoglobin || id:271",1.05927184778555,0.117831845453209,2.47927110052056e-19,0.0190818070047193,0.0318030116745322,0.548506235500147
"284","cg17153045","Mean cell volume || id:273",2.42344878019745,0.300046039453017,6.64214157497038e-16,0.00282693437106953,0.0791541623899469,0.971510179466646
"285","cg17153045","Red blood cell count || id:275",-0.207724181159781,0.0255099871599731,3.86057669044115e-16,0.00848080311320859,0.00706733592767383,0.230139340443417
"286","cg25840433","Crohn's disease || id:30",-1.02288575602943,0.150211271177513,9.78384073948014e-12,0.466496040750801,0.33338818260515,0.16173566619819
"287","cg04017458","Age at menopause || id:1004",1.18162618546647,0.157550158062196,6.38178334582175e-14,-0.199655095821968,0.149741321866476,0.182422439451736
"288","cg11520395","Height || id:89",0.223838597448666,0.0319769424926666,2.55962508777167e-12,0.0545084548669994,0.0302824749261108,0.0718606382258516
"289","cg19510626","Mean cell haemoglobin || id:271",-0.888097467852898,0.128318265317149,4.4829987891657e-12,0.0171590928746941,0.0374273239267336,0.64661888576307
"290","cg19510626","Red blood cell count || id:275",0.185723805064294,0.0270143716457155,6.19898590351435e-12,-0.0137668424818536,0.0117556678158672,0.241566108763661
"291","cg13717434","Birth weight || id:1084",-0.408609255540567,0.0524284788168141,6.51003065333089e-15,-0.055136398588902,0.0443060345803677,0.213336034108713
"292","cg21699330","Systemic lupus erythematosus || id:288",-1.49050757529961,0.187370947817749,1.79350280694366e-15,-0.0939527405494407,0.0825134248980514,0.254855085140543
"293","cg09258553","Inflammatory bowel disease || id:31",0.398951797325392,0.062215969092853,1.43274835525767e-10,0.0662282559791264,0.167390071831953,0.692361597174088
"294","cg09258553","Ulcerative colitis || id:32",0.525566305035921,0.0777699613660662,1.39947941464366e-11,0.146266103162196,0.217042242745422,0.500370979099083
"295","cg21199495","Birth weight || id:1084",0.204648485492736,0.029648720513082,5.11171661977065e-12,0.0423147718945285,0.0355828763658535,0.234365227693259
"296","cg05325934","Height || id:89",0.191955159274793,0.0261757035374718,2.2449762542711e-13,0.0130728993893322,0.0245116863549979,0.593802857207703
"297","cg07502892","Height || id:89",-0.363778016591309,0.0575981859602906,2.68785750506682e-10,0.00974580427406962,0.0106889466231731,0.361892593456348
"298","cg19650755","Type 2 diabetes || id:23",0.687218975773697,0.0825437108560065,8.39622760042109e-17,-0.381562925471447,0.384086686127754,0.320500842341193
"299","cg22097941","Systemic lupus erythematosus || id:288",-2.1154676898521,0.291732002025396,4.12462020116371e-13,0.682182836952307,0.213444270788891,0.00139313294126363
"300","cg06008435","Extreme height || id:86",1.32382501820259,0.195090002682488,1.15513556021671e-11,-0.075419099747346,0.37709549873673,0.841480581121794
"301","cg06008435","Height || id:89",0.397147505460778,0.0215992502969897,1.66669279387851e-75,0.00698324997660611,0.0432961498549579,0.871864744932721
"302","cg19828063","Systemic lupus erythematosus || id:288",1.8378149167119,0.221945760938156,1.22691460754816e-16,0,0.172572351474036,1
"303","cg25675800","HDL cholesterol || id:299",-0.542020808436941,0.0378554215416276,1.68473409838072e-46,-0.0114688222615447,0.0145271748646233,0.429835204622545
"304","cg25843866","Crohn's disease || id:30",-3.49996858089776,0.516068197456612,1.18532911033831e-11,-0.135136629113024,0.162599942002568,0.40591777439422
"305","cg21463368","Crohn's disease || id:30",-1.16896183789737,0.174849469114254,2.30086183906697e-11,0.187897299055955,0.218757001547177,0.390378259897773
"306","cg24032190","Crohn's disease || id:30",0.34606535437085,0.0489455230889628,1.54466624426024e-12,0.436367593794173,0.378150587255043,0.248519883885072
"307","cg24032190","Inflammatory bowel disease || id:31",0.270289519661842,0.0360746633137171,6.7572433485508e-14,0.0501835827116932,0.275601275457065,0.855513957309677
"308","cg02207219","Schizophrenia || id:22",-1.64419351417307,0.163951658578908,1.14208467222395e-23,-0.93899659811366,0.114075987795848,1.85152948047813e-16
"309","cg05962781","Height || id:89",-0.149190344003095,0.0184001424270484,5.14139841810137e-16,-0.00765450358430699,0.00879696680584535,0.384229435637483
"310","cg08570034","Inflammatory bowel disease || id:31",1.3191059506693,0.156527693988358,3.53729924638352e-17,-0.060741107472494,0.0990545982069223,0.539738579343014
"311","cg08570034","Ulcerative colitis || id:32",1.32721535850623,0.196474865891637,1.42696733387485e-11,-0.015382096032569,0.125240390758678,0.902249186011687
"312","cg27488364","Crohn's disease || id:30",3.27903287292465,0.255972884527542,1.43987894971664e-37,-0.290651576684245,0.282359194113641,0.303306684252207
"313","cg27488364","Inflammatory bowel disease || id:31",1.61747570656707,0.186463006401529,4.1532529843821e-18,-0.139292474715333,0.201157857244359,0.488652539286819
"314","cg25214898","Crohn's disease || id:30",-1.34677007639226,0.198394143614636,1.13418500549222e-11,0.0437581788446595,0.168170951377774,0.794709058005951
"315","cg14182120","Inflammatory bowel disease || id:31",-1.74774920766764,0.269945085456901,9.51503299424162e-11,0.107670303412772,0.1440335450088,0.454739899142349
"316","cg05924489","Crohn's disease || id:30",-1.32396427769829,0.188557550920654,2.19436875776697e-12,-0.0100359766517774,0.170739529816813,0.953127772033556
"317","cg16448702","Crohn's disease || id:30",3.70420067591895,0.28702605284975,4.19352783415935e-38,-0.0209208081032149,0.211091317943004,0.92105263400615
"318","cg16448702","Inflammatory bowel disease || id:31",1.81080891744787,0.208186278676428,3.37717855015988e-18,-0.248940404794542,0.151470106004903,0.100280500419724
"319","cg01110839","Body mass index || id:2",-0.252404887771904,0.0379148973047924,2.79201784906415e-11,-0.0598592762832106,0.0335574730678605,0.0744588055928866
"320","cg25112191","Height || id:89",-0.132795639505246,0.0158498021344971,5.3661893958658e-17,-0.0146884614057004,0.0064874037875177,0.0235648326141071
"321","cg04606053","Height || id:89",0.179329143468833,0.027589098995205,8.03200116771828e-11,-0.177763709596029,0.021216958887268,5.3661893958658e-17
"322","cg07164125","Mean cell haemoglobin || id:271",-1.14019345191527,0.156470461778348,3.17035161379363e-13,0.0230337624571266,0.0319113584041442,0.470414675465067
"323","cg26547058","Hip circumference || id:48",0.349724901879602,0.0518946628595539,1.59337318208764e-11,-0.00938145365832913,0.0179290003248068,0.600796245392445
"324","cg26547058","Extreme height || id:86",2.82036211193228,0.304599108088686,2.05855332860968e-20,0.158442328451781,0.133425118696236,0.235030456586428
"325","cg26547058","Height || id:89",0.767138494445579,0.0349724901879602,1.19163818464604e-106,0.0162611863411038,0.0116746978859207,0.163662994494723
"326","cg22376856","Years of schooling || id:1001",-0.356895981726926,0.0563519971147778,2.39920452311641e-10,0.0125414966771305,0.0250829933542609,0.617075077451974
"327","cg19685398","Hippocampus volume || id:1045",-315.884864340529,49.2368916954639,1.40256923264739e-10,-51.9417916599716,66.9633438357983,0.43794090519573
"328","cg03440556","Heart rate || id:1056",-4.27402738778809,0.656895770357462,7.69725178889304e-11,0.0103909868579994,0.111486629830618,0.925741589238598
"329","cg03440556","HDL cholesterol || id:299",0.372832734527208,0.0448520582889874,9.37066516826608e-17,-0.00129887335724992,0.00757676125062454,0.863886790544927
"330","cg03440556","Crohn's disease || id:30",1.737362369996,0.213645450198963,4.22304469656576e-16,-0.0937445380411264,0.0554185965759967,0.0907276371912373
"331","cg03440556","LDL cholesterol || id:300",0.424225717983339,0.0485897298130697,2.5294631453822e-18,0.00757676125062454,0.00800971903637452,0.344176157124169
"332","cg03440556","Total cholesterol || id:301",0.420488046459257,0.0467208940510286,2.25717681190768e-19,0.0106074657508744,0.00779324014349953,0.173478578848781
"333","cg03440556","Triglycerides || id:302",-0.44197965772273,0.0448520582889874,6.57599210388478e-23,0.00627788789337462,0.00736028235774955,0.393691925690234
"334","cg03440556","Inflammatory bowel disease || id:31",1.13970683870671,0.157175287150779,4.13145688143042e-13,-0.0396077625068876,0.0396156373961226,0.317406716439532
"335","cg03440556","Fasting glucose || id:773",0.270981185495966,0.0411143867649051,4.37141510113781e-11,-0.00346366228599979,0.00692732457199958,0.617075077451974
"336","cg27333274","Body mass index || id:2",-0.201981635863757,0.0255672956789566,2.78903429331853e-15,-0.00224182511466235,0.0103684411553134,0.828819213786263
"337","cg05211790","Mean cell volume || id:273",-1.33886322096828,0.190501109726344,2.09346156894835e-12,-0.240434284426245,0.388827319345568,0.53633971451507
"338","cg05211790","Red blood cell count || id:275",0.103283734188982,0.0160663586516194,1.28808723502674e-10,-0.0854668745421417,0.0338110712474407,0.0114786980696565
"339","cg24900983","Birth weight || id:1084",0.320438254182158,0.0351165210062639,7.17362587329946e-20,-0.0359485555024551,0.0260803245802125,0.168086495435629
"340","cg24900983","Height || id:89",-0.218510827563943,0.0211462091190912,4.97993424643028e-25,0.0359944340314205,0.0289711298301677,0.214080075786953
"341","cg27099088","Crohn's disease || id:30",-1.44233541010257,0.212679802662863,1.1875138185388e-11,-0.131942867007409,0.0895445581030881,0.140619391356019
"342","cg23399028","Crohn's disease || id:30",-1.84874659321031,0.23899723869306,1.03053569785479e-14,-0.125844331276018,0.354303525280622,0.722448815883283
"343","cg23399028","Inflammatory bowel disease || id:31",-1.63050162654843,0.174803765490379,1.08283425217996e-20,-0.305766049280479,0.254088496971849,0.228827730021844
"344","cg23399028","Ulcerative colitis || id:32",-1.52586972870378,0.220232992679969,4.25524959667447e-12,-0.348400602425808,0.315243337081533,0.269081640886906
"345","cg01847719","Age at menarche || id:1095",0.353328332586741,0.0508518455206695,3.70000000000027e-12,0.021637843884466,0.0299494412007124,0.47
"346","cg02720618","Birth weight || id:1084",0.271922939599964,0.0301299656066443,1.79695371139683e-19,0.0431599741040155,0.0307099815740111,0.159900760298068
"347","cg10819981","Crohn's disease || id:30",-2.06409652268715,0.318191777533707,8.75870594701448e-11,-0.0416595321999342,0.108322200218311,0.70054190728064
"348","cg22747802","Height || id:89",-0.0712129524152509,0.010427610889376,8.53488260202526e-12,-0.0852859440891592,0.0341143776356637,0.0124193306515523
"349","cg10511186","Height || id:89",0.198740605624732,0.0248425757030915,1.24419211485436e-15,0.0173890794097153,0.0104334476458292,0.0955807045456294
"350","cg26388730","Height || id:89",0.294869368113968,0.0351940858716671,5.3661893958658e-17,0.0227737568239936,0.0325339383199908,0.483927304446146
"351","cg05762488","HDL cholesterol || id:299",0.456718245023311,0.0428591901488151,1.63039472735322e-26,-0.00530311431627181,0.00982635888015071,0.589415983258802
"352","cg11675917","Systemic lupus erythematosus || id:288",6.48712791849797,0.605517744769099,8.81075013316559e-27,-0.10874602187803,0.155793277972105,0.48516790589964
"353","cg23460961","Crohn's disease || id:30",-1.51468497128983,0.234794294584021,1.11030280273448e-10,0.55008622953386,0.340109100092289,0.105795916591718
"354","cg23460961","Inflammatory bowel disease || id:31",-1.27641167846844,0.170759486970197,7.72571166620805e-14,0.187776996202183,0.233420298068779,0.421132095550963
"355","cg01329789","Height || id:89",0.0879466867185112,0.0131920030077767,2.6167849372106e-11,0.0336260018255862,0.0275121833118433,0.221623602459393
"356","cg15367247","HDL cholesterol || id:299",0.616735046445871,0.048139848986202,1.4170192273178e-37,0.00624879213688354,0.00704409295430508,0.375026800658201
"357","cg11067179","Rheumatoid arthritis || id:833",-1.29325434411508,0.132549953248792,1.72628752928518e-22,0,0.161331366479133,1
"358","cg27386529","Crohn's disease || id:30",-2.91014783210377,0.40424168620781,6.06426224801572e-13,0.021316128035961,0.166431129694512,0.898087427705354
"359","cg27386529","Inflammatory bowel disease || id:31",-2.9253177293731,0.296891196924409,6.64193019875221e-23,0.00682422864619732,0.102943755710316,0.947146271108223
"360","cg27386529","Ulcerative colitis || id:32",-2.93031082744427,0.374049361096854,4.72507019248736e-15,0.00673326422289474,0.343494715728249,0.984360680709611
"361","cg24103044","Triglycerides || id:302",-0.405325853033993,0.0611205651400465,3.32114826465084e-11,0.0982629758369534,0.0530499501451037,0.0639866699340506
"362","cg10636959","Rheumatoid arthritis || id:833",1.01457988961632,0.150001749077405,1.34430621964454e-11,0.793374819194165,0.135795364065465,5.14450101765255e-09
"363","cg01218206","Total cholesterol || id:301",0.681722672726424,0.0824915562888138,1.40692499889143e-16,-0.0111509191637073,0.0367324395980946,0.761454421597889
"364","cg01218206","Triglycerides || id:302",0.834254229637815,0.0762657784556958,7.52087984725006e-28,-0.0629698964538765,0.0334527574911219,0.0597881108264642
"365","cg19972273","Systemic lupus erythematosus || id:288",2.93002579870218,0.35935566552453,3.53382565329544e-16,4.05716405959783,0.731101941378686,2.86680929537765e-08
"366","cg04542977","Height || id:89",-0.159865263827373,0.0224675505919551,1.11601177603177e-12,-0.0368003981452599,0.0595815969970875,0.536808016981021
"367","cg06832339","Mean cell haemoglobin || id:271",0.878680699445504,0.130561768119689,1.69663087250041e-11,0.232088419415137,0.22999753275374,0.312931037449977
"368","cg24798047","HDL cholesterol || id:299",0.33428256451079,0.043768584551331,2.21480039364752e-14,0.00199959208321502,0.0377700726829505,0.957778776300958
"369","cg15924693","Inflammatory bowel disease || id:31",2.19947264006884,0.322112140768723,8.59373341331258e-12,-0.159848492419611,0.146417469556351,0.274951349288475
"370","cg22134413","Inflammatory bowel disease || id:31",0.329759506461905,0.051054538486205,1.0542108897917e-10,-0.121582304206311,0.272768790262622,0.655789453995548
"371","cg24813995","Rheumatoid arthritis || id:833",1.28458190338466,0.17592501067049,2.83791263345657e-13,0.112362551690653,0.172903583285154,0.515784791150325
"372","cg24428144","Mean platelet volume || id:1006",-0.0432440743605883,0.00660673358286766,5.9314697524399e-11,0.0068963538087561,0.00600650170440047,0.250907410498613
"373","cg16283208","Mean platelet volume || id:1006",0.029482967034767,0.00450434218586718,5.9314697524399e-11,-0.00504849191220122,0.00252424595610061,0.0455002638963584
"374","cg00267142","Crohn's disease || id:30",0.780670552370694,0.115251742056167,1.25606484368812e-11,-0.236306955966473,0.246256813519748,0.337258781842748
"375","cg09012858","Schizophrenia || id:22",-0.870556351698717,0.120905513205041,6.007882018392e-13,-0.421672327795452,0.0443081176656219,1.78561511611855e-21
"376","cg27565550","Height || id:89",-0.174436743754417,0.0154501115896769,1.46498019301348e-29,-0.0296021193237936,0.0404092422515278,0.463827970311559
"377","cg07855319","HDL cholesterol || id:299",0.605998592177943,0.0705675216509977,8.88821222994172e-18,-0.000477353855730299,0.0233903389307846,0.983717771863467
"378","cg17516330","Inflammatory bowel disease || id:31",-1.29101316568027,0.152354955305246,2.37679214788559e-17,0.0387982383609979,0.0929698525480231,0.676443893522666
"379","cg17516330","Ulcerative colitis || id:32",-1.29101316568027,0.192030724915987,1.78080410381559e-11,-0.0711820152393262,0.116548081605146,0.541363540324572
"380","cg08415592","Crohn's disease || id:30",1.16020880813863,0.16106557240098,5.87586234742923e-13,0.195849095451009,0.315048672155769,0.534173938858189
"381","cg08415592","Inflammatory bowel disease || id:31",1.16487023260302,0.1182929722613,7.03872526194655e-23,-0.113426969738858,0.23027193855749,0.622310554195958
"382","cg08415592","Ulcerative colitis || id:32",1.16554390455888,0.149035778611695,5.25870203794181e-15,-0.365409202211562,0.288699146848196,0.205617168653871
"383","cg26038582","Mean cell haemoglobin || id:271",0.671011591968371,0.0910595441011097,1.72000310437898e-13,0.0406804482985402,0.029380323771168,0.166170104682876
"384","cg26038582","Mean cell volume || id:273",1.74427650982029,0.231627189849425,5.05330944207352e-14,0.101198892989579,0.0753341635158153,0.179164063225544
"385","cg26038582","Red blood cell count || id:275",-0.132610986555014,0.0203336846051022,6.94968112763101e-11,-0.000251113878386051,0.00627784695965127,0.968093126294339
"386","cg13213009","Mean cell haemoglobin || id:271",-0.686179854159684,0.0808741747916031,2.16581057627454e-17,-0.0477849358321252,0.022035243122098,0.0301154529391968
"387","cg13213009","Mean cell volume || id:273",-1.58246581190168,0.205937331685835,1.53943335471909e-14,-0.0910623480943909,0.0564808194099936,0.106903131599489
"388","cg13213009","Red blood cell count || id:275",0.131733191928591,0.0175088419651924,5.32028373858191e-14,0.000707589632459485,0.00683732877351365,0.917574726710043
"389","cg21377521","Mean platelet volume || id:1006",0.0472654942198239,0.0072211171724731,5.9314697524399e-11,0.00721638176391463,0.0158760398806122,0.649436283726755
"390","cg12532266","Eczema || id:996",1.19812525966588,0.176848303233546,1.24513324769484e-11,0.00605431972150202,0.194080750692957,0.975114147779004
"391","cg13526915","Height || id:89",-0.196576400051998,0.0196576400051998,1.52397060483211e-23,-0.0176338121086201,0.0121016357608177,0.145076950287885
"392","cg18651192","Schizophrenia || id:22",0.697329701450135,0.0632489759386911,2.89023314279135e-28,-0.0485158216491879,0.051840264001166,0.349339392138413
"393","cg12854186","Juvenile idiopathic arthritis || id:279",5.02616659773977,0.503724821236934,1.90261808864329e-23,-0.0509466883630962,0.128162158746629,0.690985956625851
"394","cg12678834","Inflammatory bowel disease || id:31",-1.24120348718375,0.182335992477021,9.9494097051856e-12,-0.0375385182605883,0.146781972591933,0.798148993885815
"395","cg17839216","Triglycerides || id:302",-0.204322989626279,0.0294363629122606,3.88847897866057e-12,-0.0768740004866669,0.0387396537885566,0.0472140508678281
"396","cg17839216","Rheumatoid arthritis || id:833",-1.0089210902532,0.123418176245701,2.96313580131749e-16,0.0602300581770819,0.137009585458843,0.660223433596946
"397","cg17839216","Height || id:89",0.199128337347645,0.0259732613931711,1.76523743209072e-14,0.0423714963312337,0.0242122836178478,0.0801183137276342
"398","cg26878949","Birth weight || id:1084",0.0704475302756114,0.00927334793436923,3.03603620337132e-14,-0.0238104509922013,0.0225643555741565,0.291322860900097
"399","cg22834713","Schizophrenia || id:22",-0.49128114069126,0.044581239900613,3.06373690971559e-28,-0.0104354762770943,0.136759110416756,0.939176027100346
"400","cg19764489","Type 2 diabetes || id:23",-0.8851074946122,0.135875668293218,7.31274738688846e-11,-0.0308224283048384,0.0389588402335932,0.428854340258751
"401","cg01782486","Birth weight || id:1084",-0.216368183268039,0.0307103227864313,1.84857050582446e-12,0.0264104230864584,0.032374067009207,0.414620554697132
"402","cg19066391","Inflammatory bowel disease || id:31",-1.68974317134955,0.263502189212956,1.43026348828136e-10,0.221310547501035,0.136457252385622,0.10483962452853
"403","cg13161852","Schizophrenia || id:22",-0.32234315282534,0.0502266994430188,1.38289520305769e-10,0.0422133550600395,0.0795509923379035,0.595664642694094
"404","cg22377963","Systemic lupus erythematosus || id:288",3.80623864506714,0.459664640171202,1.22691460754816e-16,-0.273555582264296,0.275364953064613,0.320500842341193
"405","cg14396214","Crohn's disease || id:30",-0.459740104733042,0.0717289819257085,1.46088519161504e-10,0.541124824401103,0.553521421279004,0.328270156674345
"406","cg18576206","Extreme height || id:86",2.13859661401831,0.252743236202163,2.63873009612379e-17,0.249207403640453,0.202481015457868,0.218409186619242
"407","cg18576206","Height || id:89",0.622137196805326,0.0291626811002496,5.56942248256336e-101,0.022584420954916,0.0233631940912925,0.333710695743566
"408","cg26666107","LDL cholesterol || id:300",-0.353834808747326,0.0225969270383806,2.90505064969155e-55,-0.10554699230901,0.0471310468801238,0.0251275209051483
"409","cg26666107","Total cholesterol || id:301",-0.29761806343233,0.0220457824764689,1.56376146113158e-41,-0.0730199317861074,0.0458034117567401,0.110890597528893
"410","cg13872898","Ulcerative colitis || id:32",-1.09551404344887,0.161362916534698,1.12810660772326e-11,-0.569427800296382,0.271543509963596,0.0359932298170898
"411","cg05791862","Crohn's disease || id:30",-0.820504467683275,0.122318494203966,1.97398267688478e-11,0.0303659605644675,0.0463298746643366,0.512191347016511
"412","cg27187555","Ulcerative colitis || id:32",-0.993911415378907,0.14108262484859,1.85609565352853e-12,-0.248016754115829,0.165346039655119,0.133618014220155
"413","cg12642815","Systemic lupus erythematosus || id:288",-1.30109768316869,0.135486048797994,7.75109468963392e-22,-0.0904970947666644,0.278770381849023,0.745461483838932
"414","cg02004594","Height || id:89",0.155783990992462,0.0161155852750823,4.17763639645808e-22,0.0578329710357793,0.0358013630221491,0.106227429780004
"415","cg06090867","Ulcerative colitis || id:32",-2.69114991324708,0.415889593435285,9.7467507156368e-11,0.118561612249881,0.154753471879542,0.443597666840898
"416","cg22851864","Psoriasis || id:282",1.71083189838934,0.25433414316305,1.7354271250809e-11,-0.386931792927414,0.282084994726059,0.170161479180362
"417","cg22851864","Systemic lupus erythematosus || id:288",-1.77563305735335,0.2232139268839,1.79350280694364e-15,-0.123721617431211,0.0728731677643985,0.0895518553628638
"418","cg04740264","Years of schooling || id:1001",-0.241048203352456,0.0314410700024943,1.76523743209072e-14,-0.00252507637449041,0.0218120031409592,0.907838432707183
"419","cg04740264","Schizophrenia || id:22",-0.903365291747679,0.124716244343227,4.37686572483828e-13,-0.0203331924329316,0.0305076782741603,0.50509523183127
"420","cg10211058","Systemic lupus erythematosus || id:288",-2.67535998171288,0.390428979987347,7.26413931153215e-12,-0.0562640897384418,0.25253402673948,0.823692682591118
"421","cg07506795","LDL cholesterol || id:300",-0.172495409449457,0.025018418164425,5.39646072185007e-12,-0.0144558835371716,0.0516974003062145,0.779765254737913
"422","cg20219891","Crohn's disease || id:30",-1.23157344116131,0.160089278003999,1.4367801242345e-14,0.0013448921020077,0.0953634376734677,0.988747961471481
"423","cg20219891","Inflammatory bowel disease || id:31",-1.09537088483551,0.116911671903335,7.30722261343968e-21,-0.00410768143709259,0.0703242265629521,0.953421558369671
"424","cg20219891","Ulcerative colitis || id:32",-1.03625626032031,0.147468131605343,2.11044951439774e-12,-0.0109207268760417,0.131378476129279,0.9337528069129
"425","cg23760103","Height || id:89",0.20469891226897,0.0199825128643519,1.26047318003168e-24,-0.209455072224839,0.0371613837818262,1.73678442963508e-08
"426","cg16677399","Schizophrenia || id:22",0.14809857820588,0.0167179097361328,8.09689156891721e-19,0.567714998399211,0.274104754293566,0.0383437796513254
"427","cg20494635","Mean cell haemoglobin || id:271",-0.733202156170322,0.0842661245835559,3.28882611227779e-18,-0.0465669881669722,0.0544377830858236,0.392320507699057
"428","cg20494635","Mean cell volume || id:273",-1.70095950448044,0.21457456466122,2.2427659695655e-15,-0.117395854471656,0.139306050198002,0.399385621781483
"429","cg20494635","Red blood cell count || id:275",0.148551621688537,0.0182431816108729,3.86057669044109e-16,-0.00365555712110248,0.0113978743316881,0.748420537159662
"430","cg10513595","HDL cholesterol || id:299",-0.595334069232391,0.0465104741587806,1.63951234263262e-37,-0.00216044431697823,0.0170134989962036,0.898952961671851
"431","cg20976787","Rheumatoid arthritis || id:833",1.51061910902316,0.164862011546751,5.05068656666113e-20,-0.0154249157642167,0.0490954929147198,0.753382880861341
"432","cg16468079","Height || id:89",-0.547627274446016,0.0456356062038347,3.55296422415536e-33,0.0688907078111554,0.0537113993103923,0.199629202157063
"433","cg21637392","Mean cell haemoglobin || id:271",-0.662474311713063,0.102454735895564,1.00618154621806e-10,-0.00640377013496362,0.0257195128819964,0.803372467982898
"434","cg13565585","Height || id:89",0.370072256608103,0.0409722855530399,1.68165292641312e-19,0.00204042739608409,0.0159153336894559,0.897986641842342
"435","cg08074767","Crohn's disease || id:30",-3.12367189486088,0.458232782253385,9.31039131707735e-12,-0.114002201237186,0.155516110861205,0.463523556899247
"436","cg06200339","Total cholesterol || id:301",0.71634883173411,0.100489816074925,1.01415966639512e-12,-0.0312426179789836,0.0274325426156929,0.254749500528113
"437","cg00723041","LDL cholesterol || id:300",0.442288835312341,0.0376416030053056,7.06188479177199e-32,-0.0346119500449571,0.0399960311630615,0.386827722209834
"438","cg00723041","Total cholesterol || id:301",0.408411392607566,0.0357595228550403,3.28234065347622e-30,-0.0553791200719313,0.039226876717618,0.158019253847399
"439","cg00723041","Triglycerides || id:302",-0.396177871630841,0.033877442704775,1.36074753376002e-31,-0.0107681622362089,0.0361502589358441,0.765800599336935
"440","cg19014419","Crohn's disease || id:30",1.92553705222405,0.231797882324782,9.81803320095373e-17,-0.00206209842731421,0.11688706402795,0.985924608770895
