"","trait","outcome","nsnp","b","se","pval","decision","msig"
"1","Triglycerides","cg00574958",54,-0.369280148427728,0.034605261804468,1.38801167189278e-26,10,TRUE
"2","Triglycerides","cg17058475",54,-0.350657424722438,0.0345462018822392,3.30041588091785e-24,10,TRUE
"3","Juvenile idiopathic arthritis","cg02346730",3,-0.0884396411566324,0.00985168998778528,2.7798822844224e-19,4,TRUE
"4","Juvenile idiopathic arthritis","cg26888012",3,-0.0789065882669179,0.00881251751078982,3.43073442691812e-19,4,TRUE
"5","Juvenile idiopathic arthritis","cg00869530",3,0.0762017485863653,0.00918875003244328,1.10483493854936e-16,4,TRUE
"6","Juvenile idiopathic arthritis","cg21386484",3,0.0717503864333257,0.00881298244346662,3.90597267967073e-16,4,TRUE
"7","Triglycerides","cg06500161",54,0.344098734383836,0.0435977887214571,2.96018838278169e-15,10,TRUE
"8","Juvenile idiopathic arthritis","cg04363228",3,0.0783459206473707,0.00996256763498135,3.71971419868783e-15,4,TRUE
"9","Juvenile idiopathic arthritis","cg27574980",3,0.0748866604004712,0.0095231191649653,3.73041401893139e-15,4,TRUE
"10","Juvenile idiopathic arthritis","cg17794358",3,-0.0687112949529271,0.00881351653908845,6.38361021042494e-15,4,TRUE
"11","Triglycerides","cg09737197",54,-0.25916462957654,0.0334246651147023,8.92571720808071e-15,10,TRUE
"12","Juvenile idiopathic arthritis","cg24065328",3,0.0676390574741731,0.00881274606399099,1.65238427174135e-14,4,TRUE
"13","Juvenile idiopathic arthritis","cg02205391",3,0.0674074964475383,0.00881183015236956,2.01512859847306e-14,4,TRUE
"14","Juvenile idiopathic arthritis","cg16175906",3,0.073321252875504,0.00961997899322506,2.50223500447882e-14,4,TRUE
"15","Juvenile idiopathic arthritis","cg20022036",3,0.0773384929201414,0.0102279891798535,3.98581421097465e-14,4,TRUE
"16","Juvenile idiopathic arthritis","cg18688062",3,-0.0645890612716507,0.00882669797631159,2.52697358860305e-13,4,TRUE
"17","Juvenile idiopathic arthritis","cg20397692",3,-0.0640982091203345,0.00882475990979249,3.7733782327893e-13,4,TRUE
"18","Juvenile idiopathic arthritis","cg08288345",3,-0.0648616049618373,0.00895197759897971,4.30828572149903e-13,4,TRUE
"19","Juvenile idiopathic arthritis","cg12047750",3,0.0670283745682296,0.00930414775663629,5.84117173745968e-13,4,TRUE
"20","Juvenile idiopathic arthritis","cg16609995",3,0.0921230888853161,0.0129058834437016,9.4650993889599e-13,4,TRUE
"21","Juvenile idiopathic arthritis","cg23916646",3,0.0626841665836184,0.00881226947223629,1.13314594815904e-12,4,TRUE
"22","Juvenile idiopathic arthritis","cg25762679",3,-0.06034636754046,0.00861356627302168,2.45284410861951e-12,4,TRUE
"23","Juvenile idiopathic arthritis","cg13284152",3,0.0617068837527158,0.00880967219009745,2.47962901371823e-12,4,TRUE
"24","Juvenile idiopathic arthritis","cg12988118",3,0.0607244344875102,0.00881400780072257,5.59741926255491e-12,4,TRUE
"25","Juvenile idiopathic arthritis","cg20962292",3,-0.0624006654550393,0.00924040868557738,1.44798885704137e-11,4,TRUE
"26","Juvenile idiopathic arthritis","cg11934771",3,0.0597315201777489,0.00894524545142265,2.43118660640667e-11,4,TRUE
"27","Juvenile idiopathic arthritis","cg21699330",3,-0.0571123754293295,0.00861652383721823,3.39716174165867e-11,4,TRUE
"28","Triglycerides","cg01082498",54,-0.198655127852807,0.0301108737745127,4.18276231837624e-11,10,TRUE
"29","Serum cystatin C (eGFRcys)","cg12633918",5,1.15368642254464,0.17734986882333,7.76190276241699e-11,4,TRUE
"30","Juvenile idiopathic arthritis","cg19555708",3,0.0632724150438082,0.00984543933894346,1.30514467505256e-10,4,TRUE
"31","Juvenile idiopathic arthritis","cg11507793",3,-0.060226356399412,0.00938764510557344,1.40369343330908e-10,4,TRUE
"32","Juvenile idiopathic arthritis","cg27143082",3,0.0553218960933695,0.00881705139644874,3.50936824054087e-10,4,TRUE
"33","Juvenile idiopathic arthritis","cg25110523",3,0.0615718592983962,0.00984827184281019,4.05107202397417e-10,4,TRUE
"34","Juvenile idiopathic arthritis","cg10296973",3,0.0569016275670794,0.00911409883668445,4.28562046728804e-10,4,TRUE
"35","Juvenile idiopathic arthritis","cg06857094",3,0.0547695346671927,0.00881504048428066,5.19191084355839e-10,4,TRUE
"36","Juvenile idiopathic arthritis","cg12798859",3,0.0587196180886775,0.00946951146145728,5.61364897763824e-10,4,TRUE
"37","Copper","cg10401367",2,0.190031596472916,0.0308654317551419,7.42400240700966e-10,4,TRUE
"38","Serum cystatin C (eGFRcys)","cg24165121",5,0.819744377164561,0.133480802765891,8.18537640932676e-10,4,TRUE
"39","Transferrin Saturation","cg22548220",3,-0.150570817586106,0.024643594557011,9.96702898679147e-10,4,TRUE
"40","Multiple sclerosis","cg11781676",39,0.0737267611712294,0.0120801670272471,1.04014873523419e-09,6,TRUE
"41","Juvenile idiopathic arthritis","cg18025409",3,-0.0560872392123056,0.00921205293179495,1.14000117540343e-09,4,TRUE
"42","Juvenile idiopathic arthritis","cg15988204",3,-0.0545380703976262,0.00899556784370681,1.33795866678452e-09,4,TRUE
"43","Juvenile idiopathic arthritis","cg14373189",3,0.0558441780253767,0.00921891614708399,1.38198042737551e-09,4,TRUE
"44","Juvenile idiopathic arthritis","cg26757097",3,0.0550262344571623,0.00908462119036067,1.3861872600254e-09,4,TRUE
"45","Juvenile idiopathic arthritis","cg15501231",3,0.0974599112185099,0.016122571912806,1.49469561091404e-09,4,TRUE
"46","Juvenile idiopathic arthritis","cg12383352",3,0.0554939312819531,0.00924795877581512,1.96507286027132e-09,4,TRUE
"47","Juvenile idiopathic arthritis","cg16203771",3,-0.055106196369387,0.00924925924374336,2.55493903087705e-09,4,TRUE
"48","Juvenile idiopathic arthritis","cg03280235",3,0.0628126832304312,0.0106030770986926,3.14193628862637e-09,4,TRUE
"49","Rheumatoid arthritis","cg24332685",49,0.068125128805388,0.0115053132076964,3.19623153463002e-09,6,TRUE
"50","Rheumatoid arthritis","cg11489251",49,0.0689287525631965,0.0116515821766832,3.30210753563569e-09,6,TRUE
"51","Juvenile idiopathic arthritis","cg02609733",3,0.0525704361655782,0.00908503828622604,7.18745770999344e-09,4,TRUE
"52","Rheumatoid arthritis","cg03866862",49,-0.0604774957115964,0.0104840723727888,7.9974590809425e-09,6,TRUE
"53","Juvenile idiopathic arthritis","cg08295094",3,0.0565382549968933,0.00987520693707908,1.03267582491745e-08,4,TRUE
"54","Juvenile idiopathic arthritis","cg17322683",3,-0.0512534222363241,0.00898774650107441,1.18001425384315e-08,4,TRUE
"55","Juvenile idiopathic arthritis","cg04201373",3,-0.0614570269802833,0.0109551773988519,2.02488701515151e-08,4,TRUE
"56","Juvenile idiopathic arthritis","cg11868595",3,0.0826480738086468,0.0147382664342175,2.0500914516836e-08,4,TRUE
"57","Juvenile idiopathic arthritis","cg19741675",3,-0.105761746654495,0.0188953084077959,2.17779778643946e-08,4,TRUE
"58","Birth weight","cg19071342",57,0.258806084792799,0.046337942982518,2.3344864819547e-08,10,TRUE
"59","Juvenile idiopathic arthritis","cg08976526",3,0.0742876697623935,0.0133044773170069,2.35509728907062e-08,4,TRUE
"60","Juvenile idiopathic arthritis","cg11886965",3,0.0480025986752317,0.00862012088769961,2.56692803647825e-08,4,TRUE
"61","Multiple sclerosis","cg24594224",39,-0.0651355727942267,0.0117073086248901,2.64163024093607e-08,6,TRUE
"62","Juvenile idiopathic arthritis","cg09423413",3,-0.0852584499739025,0.0153290455663969,2.66870019041571e-08,4,TRUE
"63","Juvenile idiopathic arthritis","cg22402850",3,-0.0491088410784019,0.00883003320569061,2.67359559309447e-08,4,TRUE
"64","Juvenile idiopathic arthritis","cg02995061",3,-0.0496294421095563,0.00898589270038154,3.33184415970633e-08,4,TRUE
"65","Zinc","cg18128914",2,-0.170318309184402,0.0310235429760766,4.02002827425232e-08,4,TRUE
"66","Iron","cg20794828",3,-0.182845546327833,0.0333250074028701,4.09426332428823e-08,4,TRUE
"67","Juvenile idiopathic arthritis","cg02639080",3,0.0531614152014173,0.009706784962747,4.33263878014549e-08,4,TRUE
"68","Juvenile idiopathic arthritis","cg22262260",3,0.0519529323328942,0.00949412783173277,4.44703227558573e-08,4,TRUE
"69","Transferrin Saturation","cg20794828",2,-0.143036233966461,0.026164743556057,4.58349733033227e-08,4,TRUE
"70","Juvenile idiopathic arthritis","cg24023453",3,-0.0594333183639659,0.010878229018779,4.66809669273017e-08,4,TRUE
"71","Juvenile idiopathic arthritis","cg23595396",3,-0.0497180928505425,0.00911730890830456,4.94840778298722e-08,4,TRUE
"72","Juvenile idiopathic arthritis","cg07384522",3,-0.0829667503967443,0.0152200676572549,5.00473807869841e-08,4,TRUE
"73","Juvenile idiopathic arthritis","cg19735538",3,0.0499664363301324,0.00917554410022653,5.16280942316152e-08,4,TRUE
"74","Transferrin Saturation","cg16675381",3,-0.134016499112242,0.0246438596647304,5.38428491498364e-08,4,TRUE
"75","Juvenile idiopathic arthritis","cg24771152",3,0.0479099105783961,0.00881695776012782,5.51549930870971e-08,4,TRUE
"76","Juvenile idiopathic arthritis","cg06194738",3,0.0647724123575647,0.011949666609596,5.94535963323616e-08,4,TRUE
"77","Transferrin Saturation","cg17670496",3,-0.149817699908413,0.0276419994974691,5.96224055431965e-08,4,TRUE
"78","Juvenile idiopathic arthritis","cg05447916",3,0.0521541016630722,0.00977691846041076,9.58551727379237e-08,4,TRUE
"79","Juvenile idiopathic arthritis","cg10401017",3,0.0762588904618082,0.0143164034297852,1.00024513774052e-07,4,TRUE
"80","Age at menarche","cg16383910",64,0.112836417131502,0.0212103131173165,1.03833118669268e-07,10,TRUE
"81","Bulimia nervosa","cg08824245",5,0.174877139664553,0.0329336552447592,1.09635640142608e-07,4,TRUE
"82","Juvenile idiopathic arthritis","cg17810099",3,0.0889419739199203,0.0167521632346121,1.10057387612912e-07,4,TRUE
"83","Juvenile idiopathic arthritis","cg01016122",3,-0.0469373889493801,0.00887000189707961,1.21184572781511e-07,4,TRUE
"84","Juvenile idiopathic arthritis","cg07249939",3,0.0469697056550685,0.00887709521042232,1.21574832965198e-07,4,TRUE
"85","Fasting insulin","cg06178669",14,-0.803538268025159,0.152116965213593,1.27522522754277e-07,6,TRUE
"86","Multiple sclerosis","cg01015008",39,-0.11427282814369,0.0162572796982687,2.07981466960635e-12,7,FALSE
"87","Age at menarche","cg18825076",64,-1.19685957723967,0.174143722046515,6.29421292781654e-12,9,FALSE
"88","Multiple sclerosis","cg01341801",39,0.718266957191157,0.105762656697794,1.11120084630131e-11,7,FALSE
"89","Multiple sclerosis","cg08672695",39,0.102520188864058,0.0152645877981318,1.86510971721278e-11,7,FALSE
"90","Age at menarche","cg04882995",64,0.970615254771694,0.145326808326832,2.40832397036296e-11,9,FALSE
"91","Urate","cg02317251",24,-0.214835170609497,0.0324984854614759,3.82711139624401e-11,7,FALSE
"92","Age at menarche","cg05914723",64,-0.184729264900058,0.0284118280329579,7.9341518557153e-11,9,FALSE
"93","Age at menarche","cg15571903",64,-0.388128209991951,0.0598893009412206,9.12614985840557e-11,9,FALSE
"94","Multiple sclerosis","cg09139047",39,-0.653674086534873,0.102043542451558,1.49548717690298e-10,7,FALSE
"95","Multiple sclerosis","cg10846853",39,-0.140093314365729,0.0219215661121104,1.65169368025072e-10,7,FALSE
"96","Multiple sclerosis","cg00440797",39,0.58088711724572,0.0924189139151287,3.27072663061819e-10,7,FALSE
"97","Multiple sclerosis","cg17416722",39,0.590775089571485,0.0941705988052871,3.53121197478108e-10,7,FALSE
"98","Age at menarche","cg09986456",64,0.180874008735011,0.0289133846094975,3.95688709587343e-10,9,FALSE
"99","Multiple sclerosis","cg08578320",39,-0.612588004860196,0.0979921535080146,4.06793347888169e-10,7,FALSE
"100","Age at menarche","cg06752398",64,0.50830997663421,0.0814867234896543,4.43346829190921e-10,9,FALSE
"101","Age at menarche","cg24631222",64,-0.394763383986885,0.0633362312678186,4.58109917896334e-10,9,FALSE
"102","Rheumatoid arthritis","cg17350632",49,-0.0841485237702761,0.0136463270573041,6.98682913511604e-10,7,FALSE
"103","Age at menarche","cg20622131",64,0.215323693516376,0.0350164578733963,7.78678512092353e-10,9,FALSE
"104","Multiple sclerosis","cg20808711",39,-0.115016513730166,0.018793996822201,9.36612244272176e-10,7,FALSE
"105","Age at menarche","cg13714459",64,0.26519000356039,0.0434720241916511,1.05905928884718e-09,9,FALSE
"106","Multiple sclerosis","cg11404906",39,-0.580841848033182,0.0952684587099007,1.08148089328208e-09,7,FALSE
"107","Multiple sclerosis","cg15982117",39,-0.568030134206549,0.0938965688070768,1.45268779176492e-09,7,FALSE
"108","Multiple sclerosis","cg20544437",39,0.145037542247092,0.0242482387759396,2.21276780083431e-09,7,FALSE
"109","Multiple sclerosis","cg13423887",39,-0.598756825548639,0.100188799810264,2.2828343187827e-09,7,FALSE
"110","Age at menarche","cg04140906",64,-0.337921375065254,0.0565945199740139,2.35918803045368e-09,9,FALSE
"111","Age at menarche","cg00540400",64,-0.374023380205186,0.0628834364141513,2.71631109673901e-09,9,FALSE
"112","Age at menarche","cg24795825",64,-0.181751382963802,0.0310246338860076,4.67650181765302e-09,9,FALSE
"113","Rheumatoid arthritis","cg09782889",49,-0.121561313861702,0.0207622687263476,4.77254697880995e-09,7,FALSE
"114","Multiple sclerosis","cg13076785",39,-0.447838169207495,0.0765803500653358,4.97663748185367e-09,7,FALSE
"115","Rheumatoid arthritis","cg21179831",49,0.0788947680416177,0.0136019890654681,6.62210328149518e-09,7,FALSE
"116","Juvenile idiopathic arthritis","cg07180897",3,0.149709797920497,0.0258508653189281,6.98488169984783e-09,5,FALSE
"117","Multiple sclerosis","cg21189146",39,0.0834134605695252,0.0144197183973309,7.26503752239736e-09,7,FALSE
"118","Multiple sclerosis","cg07384522",39,-0.115030064133505,0.019888453363257,7.30486367228028e-09,7,FALSE
"119","Multiple sclerosis","cg18067840",39,-0.181687739935897,0.0314532924103984,7.63022528675006e-09,7,FALSE
"120","Multiple sclerosis","cg00119778",39,0.322496095588533,0.0562341373429448,9.7580733756356e-09,7,FALSE
"121","Rheumatoid arthritis","cg08269402",49,-0.184533923947144,0.0322174853560282,1.01767258553353e-08,7,FALSE
"122","Multiple sclerosis","cg04985482",39,-0.252321147312968,0.0441160217196732,1.06844230164586e-08,7,FALSE
"123","Age at menarche","cg19696491",64,-0.264408815883029,0.0464787562291051,1.27927665060806e-08,9,FALSE
"124","Multiple sclerosis","cg20116128",39,-0.0913332696707891,0.0160560428427558,1.28231635594811e-08,7,FALSE
"125","Age at menarche","cg08701566",64,-0.36823554504111,0.0649074521863892,1.40121816610438e-08,9,FALSE
"126","Multiple sclerosis","cg21698879",39,-0.461029931424324,0.0814070255653341,1.48515557658244e-08,7,FALSE
"127","Age at menarche","cg21242079",64,0.358522095631325,0.0633258487335777,1.50016798741341e-08,9,FALSE
"128","Multiple sclerosis","cg19609334",39,-0.248399180035135,0.0439350469932528,1.56955215075522e-08,7,FALSE
"129","Multiple sclerosis","cg03434432",39,-0.318161002135337,0.0563509122518482,1.64160297127001e-08,7,FALSE
"130","Age at menarche","cg22563815",64,-0.326251281908363,0.057866456379387,1.72033042486304e-08,9,FALSE
"131","Age at menarche","cg17108064",64,-0.213484490732813,0.0378716367639927,1.72983106912297e-08,9,FALSE
"132","Multiple sclerosis","cg21079591",39,-0.131396738734997,0.0233120435769128,1.73609960897477e-08,7,FALSE
"133","Multiple sclerosis","cg03607220",39,0.362133470032902,0.0642525797215111,1.739521665437e-08,7,FALSE
"134","Multiple sclerosis","cg01050736",39,0.132097472954504,0.0234683041370148,1.8150878590719e-08,7,FALSE
"135","Multiple sclerosis","cg15343510",39,-0.330893929579608,0.0588639846019541,1.89492032772055e-08,7,FALSE
"136","Urate","cg00703822",24,-0.206106041764663,0.03671608696572,1.98265623113284e-08,7,FALSE
"137","Multiple sclerosis","cg01812434",39,0.190508627055387,0.033947420248199,2.00147769070239e-08,7,FALSE
"138","Age at menarche","cg15822222",64,-0.216203282541346,0.0385499537024751,2.04214133490698e-08,9,FALSE
"139","Multiple sclerosis","cg16206678",39,-0.125120611648531,0.0224165295903275,2.38284782559756e-08,7,FALSE
"140","Multiple sclerosis","cg24955829",39,-0.128736525101402,0.0231524573551206,2.69183606271165e-08,7,FALSE
"141","Multiple sclerosis","cg23365293",39,0.425230671798754,0.0765402689776741,2.76586240233094e-08,7,FALSE
"142","Multiple sclerosis","cg15264752",39,-0.115404910526952,0.0207923675089478,2.85098747652262e-08,7,FALSE
"143","Rheumatoid arthritis","cg01064373",49,-0.106963389259554,0.0192848437699437,2.91444343602499e-08,7,FALSE
"144","Urate","cg26043149",24,1.17716919204878,0.212635841499143,3.09314974690629e-08,7,FALSE
"145","Age at menarche","cg24506363",64,0.332043206142973,0.0600226431023968,3.16661737741084e-08,9,FALSE
"146","Rheumatoid arthritis","cg05067717",49,0.0825789554103327,0.0149734955356991,3.48763068381088e-08,7,FALSE
"147","Rheumatoid arthritis","cg00023507",49,-0.0790176188865896,0.0143287652463824,3.4954496254355e-08,7,FALSE
"148","Multiple sclerosis","cg14914046",39,0.318047369059602,0.0577140914033689,3.57327621726179e-08,7,FALSE
"149","Multiple sclerosis","cg01541565",39,0.298239888171313,0.0541901225361714,3.72147213921993e-08,7,FALSE
"150","Age at menarche","cg23880581",64,-0.350400407996143,0.0637145185706584,3.8078791281047e-08,9,FALSE
"151","Multiple sclerosis","cg22692488",39,0.168697361139737,0.0307929328682254,4.29082117691782e-08,7,FALSE
"152","Multiple sclerosis","cg16642360",39,-0.0774246600921432,0.0141479640073318,4.43743672753374e-08,7,FALSE
"153","Multiple sclerosis","cg24509300",39,-0.163091224270801,0.02982017050965,4.5217851318222e-08,7,FALSE
"154","Age at menarche","cg16666463",64,-0.209437388863377,0.0383487187555952,4.72415398321003e-08,9,FALSE
"155","Multiple sclerosis","cg12296550",39,0.191607148266445,0.0351101714230967,4.83397424727702e-08,7,FALSE
"156","Rheumatoid arthritis","cg00598125",49,0.148738376811802,0.0272724185626001,4.9304039068723e-08,7,FALSE
"157","Multiple sclerosis","cg11720950",39,0.298449855360994,0.0547824294653315,5.09645583237505e-08,7,FALSE
"158","Age at menarche","cg04671614",64,-0.239910884531054,0.0440498831054876,5.14152094057918e-08,9,FALSE
"159","Rheumatoid arthritis","cg13409674",49,0.154445284289894,0.0284739227159323,5.8248641073845e-08,7,FALSE
"160","Urate","cg26693601",24,-0.320833784719936,0.0591881151614796,5.94067021352654e-08,7,FALSE
"161","Multiple sclerosis","cg01738650",39,0.253254637017842,0.0467263875071697,5.96160416142689e-08,7,FALSE
"162","Multiple sclerosis","cg23505644",39,-0.180562121532995,0.0333196092002,5.99015440676791e-08,7,FALSE
"163","Urate","cg27206867",24,-0.6927850442857,0.127984191933722,6.19596004980727e-08,7,FALSE
"164","Multiple sclerosis","cg24640182",39,0.218765957268256,0.0404182526600262,6.21322620758515e-08,7,FALSE
"165","Multiple sclerosis","cg18698799",39,0.240530512001315,0.0445708370057774,6.79195304896951e-08,7,FALSE
"166","Multiple sclerosis","cg06321045",39,-0.176429103042379,0.0327545319822044,7.18817704061559e-08,7,FALSE
"167","Multiple sclerosis","cg04985163",39,-0.161213965022438,0.0299505425430873,7.33879454880778e-08,7,FALSE
"168","Multiple sclerosis","cg24071943",39,-0.38902354563925,0.0724442449673607,7.87489969181723e-08,7,FALSE
"169","Rheumatoid arthritis","cg10476003",49,0.0926369224037768,0.0172585282286434,7.97900838802704e-08,7,FALSE
"170","Multiple sclerosis","cg10154826",39,-0.209405831746224,0.0390151500439669,7.99261351309485e-08,7,FALSE
"171","Multiple sclerosis","cg17606183",39,-0.316217796460096,0.0589695577261417,8.2127752052648e-08,7,FALSE
"172","Multiple sclerosis","cg09298971",39,-0.152496559201685,0.028459849462892,8.40062488526603e-08,7,FALSE
"173","Multiple sclerosis","cg21755381",39,0.188187520910423,0.0351252912124024,8.43312289801919e-08,7,FALSE
"174","Multiple sclerosis","cg09452510",39,0.292504768337489,0.0546432848062595,8.65142845674172e-08,7,FALSE
"175","Multiple sclerosis","cg17439097",39,-0.0968444631698681,0.0180970420524473,8.72776337506818e-08,7,FALSE
"176","Multiple sclerosis","cg17990771",39,0.198934212773309,0.0372662597984714,9.3881310880058e-08,7,FALSE
"177","Age at menarche","cg17837076",64,-0.140350573302309,0.026303524202373,9.51196465756382e-08,9,FALSE
"178","Multiple sclerosis","cg03461499",39,-0.246020509877023,0.046147349724559,9.75686999110278e-08,7,FALSE
"179","Multiple sclerosis","cg04317588",39,-0.276449129650789,0.0518809408603471,9.90110566046834e-08,7,FALSE
"180","Age at menarche","cg05786009",64,0.175962548064243,0.0330634623523964,1.0265303152375e-07,9,FALSE
"181","Multiple sclerosis","cg24735489",39,-0.176435602876938,0.0331905047906281,1.06163072814463e-07,7,FALSE
"182","Multiple sclerosis","cg14704780",39,0.210552531170869,0.0396431855771175,1.08911099725688e-07,7,FALSE
"183","Multiple sclerosis","cg25219495",39,0.164600838363568,0.0310123202976825,1.11081071023373e-07,7,FALSE
"184","Age at menarche","cg27435867",64,-0.37037811466187,0.0698546387518852,1.14461628308701e-07,9,FALSE
"185","Multiple sclerosis","cg00334532",39,0.13941549848407,0.0263305018339785,1.19127986138934e-07,7,FALSE
"186","Multiple sclerosis","cg11278602",39,0.233987659380906,0.0442356891484541,1.22605994380575e-07,7,FALSE
"187","Multiple sclerosis","cg20636526",39,0.213465053802523,0.0403970080428048,1.26269192418045e-07,7,FALSE
"188","Multiple sclerosis","cg05592483",39,-0.169866828708459,0.0321508612783232,1.26787242889199e-07,7,FALSE
"189","Multiple sclerosis","cg14353184",39,0.18389675343479,0.0348416993891362,1.30555171673723e-07,7,FALSE
"190","Age at menarche","cg20511832",64,0.327942931910691,0.0621814743225762,1.33507231066615e-07,9,FALSE
"191","Rheumatoid arthritis","cg06804823",49,-0.150730709921107,0.0285845505076274,1.34099634041455e-07,7,FALSE
"192","Multiple sclerosis","cg03202060",39,-0.372876705197459,0.0707142479690379,1.34206642551994e-07,7,FALSE
"193","Multiple sclerosis","cg00403498",39,-0.178960782118964,0.0339395725448714,1.34267271933511e-07,7,FALSE
"194","Age at menarche","cg26578274",64,-0.287894007802078,0.0546193106926974,1.35741755462562e-07,9,FALSE
"195","Rheumatoid arthritis","cg24375209",49,-0.102892241556658,0.0195452807312723,1.40723706814695e-07,3,FALSE
"196","Transferrin Saturation","cg17569438",3,-0.147908108901271,0.0280991313743524,1.41110652071808e-07,3,FALSE
"197","Juvenile idiopathic arthritis","cg27054610",3,-0.0825961011426064,0.0156983916993783,1.42933755503105e-07,3,FALSE
"198","Rheumatoid arthritis","cg13638257",49,0.0546357522058538,0.0103879339116964,1.4441634317092e-07,3,FALSE
"199","Age at menarche","cg07973591",64,-0.269640085744327,0.0512798394366747,1.45465567884717e-07,3,FALSE
"200","Obesity class 3","cg22195222",2,-0.111888952309409,0.0213037299364963,1.50388872548234e-07,3,FALSE
"201","Red blood cell count","cg00904258",26,0.550019265479049,0.104737414824039,1.50938044786492e-07,3,FALSE
"202","Mean cell volume","cg14295437",38,-0.0333777629038848,0.00636029722828499,1.53900645813037e-07,3,FALSE
"203","Juvenile idiopathic arthritis","cg18598029",3,-0.0462491410254566,0.00881642285301214,1.55610416859051e-07,3,FALSE
"204","Multiple sclerosis","cg04770660",39,-0.0580396728540693,0.0110664038202027,1.56559474038291e-07,3,FALSE
"205","Triglycerides","cg22171829",54,-0.163740664602711,0.0312399609599373,1.59375741290205e-07,3,FALSE
"206","Squamous cell lung cancer","cg00648686",9,-0.158041139812988,0.0301817645789352,1.63816830039223e-07,3,FALSE
"207","Age at menarche","cg13561554",64,-0.242294573211787,0.0463118759516953,1.67865348738403e-07,3,FALSE
"208","Multiple sclerosis","cg09715059",39,0.166721947503066,0.0319143396272786,1.75056173524119e-07,3,FALSE
"209","Rheumatoid arthritis","cg25136631",49,0.0711803347004685,0.0136288529935948,1.76268358140706e-07,3,FALSE
"210","Multiple sclerosis","cg22370379",39,0.232471793972353,0.0445134797873478,1.76520434300755e-07,3,FALSE
"211","Multiple sclerosis","cg02000145",39,-0.198271313661099,0.0379739474164216,1.77723454922312e-07,3,FALSE
"212","Multiple sclerosis","cg21587837",39,0.142166259495154,0.0272567623515143,1.83009690974203e-07,3,FALSE
"213","Multiple sclerosis","cg21035875",39,0.107564750476481,0.02064490238101,1.88603680464109e-07,3,FALSE
"214","Serum cystatin C (eGFRcys)","cg11657817",5,-2.16163208201098,0.415297097487338,1.9396971849609e-07,3,FALSE
"215","Serum cystatin C (eGFRcys)","cg15210427",5,-2.64348946817406,0.507952495911075,1.94827710051645e-07,3,FALSE
"216","Juvenile idiopathic arthritis","cg07822788",3,-0.0469165961498451,0.00901625823589653,1.95511792230442e-07,3,FALSE
"217","Multiple sclerosis","cg03031988",39,-0.116060582952352,0.0223073957875465,1.9632401054593e-07,3,FALSE
"218","Rheumatoid arthritis","cg14630748",49,0.135389765200223,0.0260441176188701,2.00927201397837e-07,3,FALSE
"219","Multiple sclerosis","cg24080129",39,0.263025562354618,0.0506253557882823,2.04137246654697e-07,3,FALSE
"220","Multiple sclerosis","cg17553885",39,-0.0773075669018946,0.0148861512729191,2.06649772760109e-07,3,FALSE
"221","Multiple sclerosis","cg27003765",39,-0.239717638433531,0.0462034951660028,2.12221424763514e-07,3,FALSE
"222","Urate","cg25186802",24,0.381060833880226,0.0734465407887339,2.12251279766541e-07,3,FALSE
"223","Juvenile idiopathic arthritis","cg01127300",3,-0.0446565744104986,0.00861929833975974,2.20700904777643e-07,3,FALSE
"224","Rheumatoid arthritis","cg14437551",49,0.0704388757958006,0.0136058322425636,2.25350637371231e-07,3,FALSE
"225","Rheumatoid arthritis","cg09115485",49,0.1275791444945,0.0246493200321939,2.2697621638631e-07,3,FALSE
"226","Juvenile idiopathic arthritis","cg09609649",3,-0.053724352430929,0.0103842906320405,2.29604063993794e-07,3,FALSE
"227","Juvenile idiopathic arthritis","cg19376664",3,-0.0475842424225807,0.0091975916623295,2.29681994844598e-07,3,FALSE
"228","Multiple sclerosis","cg27196273",39,-0.228980627163833,0.0442769092658248,2.32149549615919e-07,3,FALSE
"229","Juvenile idiopathic arthritis","cg18821320",3,0.0456061193104227,0.00881912964882285,2.32505685313844e-07,3,FALSE
"230","Triglycerides","cg10192877",54,0.144089025622554,0.0278662999141433,2.33185187589132e-07,3,FALSE
"231","Multiple sclerosis","cg03403720",39,-0.222205966523926,0.0429844473276169,2.34783491373735e-07,3,FALSE
"232","Age at menarche","cg21402071",64,0.257297114601067,0.0497770373656085,2.35359802724222e-07,3,FALSE
"233","Urate","cg15882809",24,0.855510063085052,0.165544023936422,2.36776382364118e-07,3,FALSE
"234","Multiple sclerosis","cg19263700",39,0.289436917807224,0.0560313266293028,2.39634614128717e-07,3,FALSE
"235","Multiple sclerosis","cg10916998",39,-0.131317191446039,0.0254455634312192,2.46014104665335e-07,3,FALSE
"236","Rheumatoid arthritis","cg24124954",49,0.0660955082395778,0.0128081928674524,2.46411481902239e-07,3,FALSE
"237","Rheumatoid arthritis","cg05844871",49,-0.208210482494277,0.0403478029424913,2.46433196666378e-07,3,FALSE
"238","Juvenile idiopathic arthritis","cg11643442",3,0.0460687320601944,0.00894346063713888,2.58951940697467e-07,3,FALSE
"239","Multiple sclerosis","cg04536704",39,-0.174563978152074,0.0339125792564131,2.64023469675306e-07,3,FALSE
"240","Rheumatoid arthritis","cg07480955",49,-0.108371481338187,0.0210609079478016,2.66635168159847e-07,3,FALSE
"241","Triglycerides","cg11024682",54,0.155670284879457,0.0302572508809027,2.67674906048741e-07,3,FALSE
"242","Juvenile idiopathic arthritis","cg10502563",3,-0.0453576625419858,0.00881691006603434,2.6838520365169e-07,3,FALSE
"243","Neuroblastoma","cg17551002",3,-0.0868916713892054,0.0168922616861735,2.69129589797703e-07,3,FALSE
"244","Percent emphysema","cg17713376",2,0.60434561898898,0.117502097674317,2.69989746224667e-07,3,FALSE
"245","Rheumatoid arthritis","cg02748047",49,-0.0527012374680009,0.0102498643142607,2.72332897786461e-07,3,FALSE
"246","Mean cell haemoglobin","cg15254238",30,-0.0833136771023703,0.016204012613539,2.72486840577571e-07,3,FALSE
"247","Rheumatoid arthritis","cg07481886",49,0.164703880470318,0.0320518948219824,2.7670037142669e-07,3,FALSE
"248","Iron","cg10037068",3,-0.167939537719503,0.032694577335864,2.79727498445322e-07,3,FALSE
"249","Triglycerides","cg27243685",54,0.184324459227519,0.0358951626863969,2.82027072303619e-07,3,FALSE
"250","Rheumatoid arthritis","cg26083458",49,0.0616323299956176,0.0120089371218666,2.8636698535451e-07,3,FALSE
"251","Multiple sclerosis","cg01290934",39,0.254690541497649,0.0496263575849899,2.86431725123172e-07,3,FALSE
"252","Multiple sclerosis","cg01369511",39,0.195207197369052,0.0380421560688424,2.8768830837948e-07,3,FALSE
"253","Thyroid cancer","cg21608792",347,0.00226163088128319,0.000440958718703893,2.91448137861747e-07,3,FALSE
"254","Multiple sclerosis","cg13353717",39,-0.320468715279742,0.0624856000927179,2.91779148333332e-07,3,FALSE
"255","Multiple sclerosis","cg20022036",39,-0.334360572185917,0.0652020877586333,2.92734711164365e-07,3,FALSE
"256","Juvenile idiopathic arthritis","cg01506341",3,-0.0964689719579314,0.0188163239451577,2.945883759956e-07,3,FALSE
"257","Juvenile idiopathic arthritis","cg16580391",3,0.0441529423316245,0.00861923359529758,3.01340737450716e-07,3,FALSE
"258","Multiple sclerosis","cg03995156",39,-0.174787407337293,0.0341367199004051,3.05184574035738e-07,3,FALSE
"259","Multiple sclerosis","cg13022993",39,-0.162749149583719,0.0318082458360887,3.11140125217472e-07,3,FALSE
"260","Juvenile idiopathic arthritis","cg09322555",3,-0.0842954860043267,0.0164758582996096,3.1158211145712e-07,3,FALSE
"261","HDL cholesterol","cg12477923",86,0.126233942068055,0.0246839852305833,3.15404539839827e-07,3,FALSE
"262","Juvenile idiopathic arthritis","cg17682794",3,0.0566122373235902,0.0110719525861524,3.16878561453161e-07,3,FALSE
"263","Juvenile idiopathic arthritis","cg00202479",3,0.0450784726660703,0.00881803746348036,3.18638536726755e-07,3,FALSE
"264","Red blood cell count","cg12265950",26,0.53789489256724,0.105227478678111,3.19214903031938e-07,3,FALSE
"265","Percent emphysema","cg24377285",2,-0.564430845514289,0.110431050702344,3.2018548481937e-07,3,FALSE
"266","Urate","cg25629930",24,-0.529513596221438,0.103792264619161,3.36674325137528e-07,3,FALSE
"267","Multiple sclerosis","cg04856022",39,-0.19469937201708,0.0381659100865097,3.3715956404558e-07,3,FALSE
"268","Age at menarche","cg27554782",64,0.241328826181973,0.0473145558740513,3.3872205141238e-07,3,FALSE
"269","Extreme body mass index","cg02185666",7,0.0838571916143327,0.0164426434131396,3.39685109712376e-07,3,FALSE
"270","Transferrin Saturation","cg04703560",3,0.166235609243972,0.0325976092741947,3.40325621219523e-07,3,FALSE
"271","Multiple sclerosis","cg03812323",39,0.089854501407263,0.0176227493679263,3.41851692324317e-07,3,FALSE
"272","Serum cystatin C (eGFRcys)","cg17928268",5,-0.83058686491767,0.162947349600673,3.44584139228219e-07,3,FALSE
"273","Mean cell haemoglobin","cg25926515",30,-0.0819771372822879,0.0160904399554733,3.49159563374151e-07,3,FALSE
"274","Juvenile idiopathic arthritis","cg06136702",3,-0.0470962370368033,0.00924842117279296,3.53644517499996e-07,3,FALSE
"275","Multiple sclerosis","cg25436684",39,-0.150365607438677,0.029538412365668,3.57100213549615e-07,3,FALSE
"276","Ferritin","cg17977304",4,-0.329635590221374,0.0648020826261427,3.64144942573438e-07,3,FALSE
"277","Multiple sclerosis","cg00086577",39,-0.217684326800463,0.042800662078074,3.6568687083913e-07,3,FALSE
"278","Juvenile idiopathic arthritis","cg03030317",3,-0.0502537412818203,0.00989847762044289,3.83609978666205e-07,3,FALSE
"279","LDL cholesterol","cg16030113",78,0.109490881639502,0.021576241316075,3.88303701743071e-07,3,FALSE
"280","Juvenile idiopathic arthritis","cg13022993",3,-0.132730563989679,0.0261895370456344,4.01856974162356e-07,3,FALSE
"281","Juvenile idiopathic arthritis","cg09329266",3,0.0611333095666742,0.0120658301518371,4.04882797659701e-07,3,FALSE
"282","Juvenile idiopathic arthritis","cg00187437",3,-0.0446587429195281,0.00881754417856552,4.08915708917803e-07,3,FALSE
"283","Multiple sclerosis","cg10218546",39,0.145800986035699,0.0288151948425621,4.19554169230434e-07,3,FALSE
"284","Juvenile idiopathic arthritis","cg05500783",3,-0.0969267426665622,0.0191582828670729,4.2088567422768e-07,3,FALSE
"285","Juvenile idiopathic arthritis","cg06199753",3,0.0480458529944648,0.00949925038614496,4.23993491732567e-07,3,FALSE
"286","Juvenile idiopathic arthritis","cg05973262",3,0.0683385131489473,0.0135117108553131,4.24288447062388e-07,3,FALSE
"287","Multiple sclerosis","cg24195524",39,-0.128792066824279,0.0254653763275542,4.24707458944542e-07,3,FALSE
"288","Juvenile idiopathic arthritis","cg18340416",3,-0.0445701218683917,0.00881452442156269,4.2715314368745e-07,3,FALSE
"289","Juvenile idiopathic arthritis","cg12226095",3,-0.0435784094814283,0.00862108350600309,4.30696308293169e-07,3,FALSE
"290","Juvenile idiopathic arthritis","cg03943025",3,0.0482261152018899,0.00954361453704877,4.34391690687256e-07,3,FALSE
"291","Age at menarche","cg14153919",64,-0.183127738585313,0.0362415024139791,4.34959923580438e-07,3,FALSE
"292","Multiple sclerosis","cg00523604",39,0.188704859076425,0.0373590585280241,4.39241088916796e-07,3,FALSE
"293","Mean cell volume","cg25577648",38,-0.0316883894085779,0.0062743003285156,4.40642022102898e-07,3,FALSE
"294","Multiple sclerosis","cg07363637",39,-0.265894860835799,0.0526965778586676,4.51696315228563e-07,3,FALSE
"295","Multiple sclerosis","cg16753237",39,-0.117200997677584,0.0232348313002721,4.55436934081434e-07,3,FALSE
"296","Multiple sclerosis","cg15074838",39,0.194700499783444,0.0386358714513146,4.67063707445792e-07,3,FALSE
"297","Multiple sclerosis","cg22425813",39,-0.198128077080584,0.039327724253654,4.70733792850423e-07,3,FALSE
"298","Age at menarche","cg16566391",64,-0.103379706743568,0.0205344544854939,4.79220011226091e-07,3,FALSE
"299","Juvenile idiopathic arthritis","cg20173170",3,0.0519798179137666,0.01032863491115,4.83889202964475e-07,3,FALSE
"300","Fasting insulin","cg23032421",14,-0.760765584020711,0.15118094983361,4.85003385320974e-07,3,FALSE
"301","Multiple sclerosis","cg24707219",39,-0.256913553818025,0.0510588894907722,4.86122787357558e-07,3,FALSE
"302","Multiple sclerosis","cg05747695",39,0.0478614256918445,0.00951499220029242,4.90207046299477e-07,3,FALSE
"303","Juvenile idiopathic arthritis","cg25282037",3,-0.05397910825961,0.0107336338164968,4.93124928062898e-07,3,FALSE
"304","Multiple sclerosis","cg02957632",39,0.114408549131062,0.0227592006496356,4.98435200322379e-07,3,FALSE
"305","Copper","cg12745335",2,-0.155137873243116,0.0308746121945388,5.04032134538863e-07,3,FALSE
"306","Multiple sclerosis","cg20443451",39,-0.193225272599474,0.0384607921175398,5.06182137210658e-07,3,FALSE
"307","Multiple sclerosis","cg19350679",39,-0.200735239504813,0.0399844138064518,5.15808551307076e-07,3,FALSE
"308","Transferrin Saturation","cg25251478",3,-0.125545433197647,0.0250122270406762,5.18432514397572e-07,3,FALSE
"309","Age at menarche","cg26414235",64,0.119347456498201,0.0237778641251643,5.18689272248831e-07,3,FALSE
"310","Multiple sclerosis","cg02919082",39,0.297986828774476,0.0594251511722068,5.3174306468477e-07,3,FALSE
"311","Rheumatoid arthritis","cg14419102",49,0.0630450451695976,0.0125797330015331,5.39691666637396e-07,3,FALSE
"312","Multiple sclerosis","cg10187879",39,0.297556984813349,0.059378129197651,5.40854874114003e-07,3,FALSE
"313","Multiple sclerosis","cg13972202",39,-0.432128369622336,0.0862417281228859,5.42423952758606e-07,3,FALSE
"314","Asthma","cg18663307",8,0.116768519834332,0.0233043980282493,5.42666064293153e-07,3,FALSE
"315","Iron","cg00649377",2,-0.170856734140096,0.0341172055971583,5.50172228997852e-07,3,FALSE
"316","Juvenile idiopathic arthritis","cg16853860",3,-0.0793722664013265,0.0158548412415085,5.55194359146662e-07,3,FALSE
"317","Multiple sclerosis","cg16553272",39,-0.291487003651178,0.0582439163846482,5.59806427502753e-07,3,FALSE
"318","Multiple sclerosis","cg05500783",39,-0.244903359209235,0.0489779072293424,5.72464540224619e-07,3,FALSE
"319","Juvenile idiopathic arthritis","cg01724566",3,0.0441529165571809,0.00883487722081262,5.80572937301902e-07,3,FALSE
"320","Type 1 diabetes","cg11203616",12,0.107483768690062,0.0215122492882632,5.84109157031443e-07,3,FALSE
"321","Juvenile idiopathic arthritis","cg23892836",3,-0.044030947735849,0.00881305946982449,5.85005995443089e-07,3,FALSE
"322","Juvenile idiopathic arthritis","cg24108149",3,-0.0569001812772332,0.0113926780001689,5.90031211808081e-07,3,FALSE
"323","Multiple sclerosis","cg04016730",39,-0.0702278928161434,0.0140655502980171,5.94792105490892e-07,3,FALSE
"324","Juvenile idiopathic arthritis","cg16166826",3,-0.122456961545461,0.0245331720689092,5.9916822008756e-07,3,FALSE
"325","Transferrin Saturation","cg15018934",3,-0.138017719236425,0.0276543056858765,6.01228606162658e-07,3,FALSE
"326","Juvenile idiopathic arthritis","cg18104646",3,-0.0765334139596705,0.015338418711767,6.04872978745022e-07,3,FALSE
"327","Years of schooling","cg11007110",71,0.330677898457974,0.066332200487543,6.19044481858157e-07,3,FALSE
"328","Multiple sclerosis","cg13318793",39,-0.360354415869905,0.0722855496381484,6.19132820986844e-07,3,FALSE
"329","Juvenile idiopathic arthritis","cg21195277",3,-0.199706702114566,0.0400619464654993,6.19786216955358e-07,3,FALSE
"330","Multiple sclerosis","cg03045620",39,-0.252237881584401,0.0506008991338963,6.20099671354884e-07,3,FALSE
"331","Multiple sclerosis","cg09514561",39,-0.119115248962799,0.0238989816757521,6.22463764981494e-07,3,FALSE
"332","Multiple sclerosis","cg20370184",39,0.21169770701075,0.0424910363128278,6.28740828625962e-07,3,FALSE
"333","Multiple sclerosis","cg00528492",39,-0.243802629958424,0.0489355591299239,6.28927261264326e-07,3,FALSE
"334","Multiple sclerosis","cg20966357",39,0.111550500171503,0.0224172332211129,6.48765564047382e-07,3,FALSE
"335","Multiple sclerosis","cg24147543",39,0.368096146935174,0.0740950819268789,6.76856644684107e-07,3,FALSE
"336","Multiple sclerosis","cg22933800",39,0.28382440384401,0.0571712302697852,6.88917499084022e-07,3,FALSE
"337","Rheumatoid arthritis","cg25375757",49,0.0952581916403524,0.0192078705820554,7.07362851470757e-07,3,FALSE
"338","Juvenile idiopathic arthritis","cg22425813",3,-0.167070236402788,0.0337066102422473,7.17368824973893e-07,3,FALSE
"339","Obesity class 2","cg07527126",11,-0.0852665383175004,0.0172059516642455,7.20918142551515e-07,3,FALSE
"340","Multiple sclerosis","cg10466124",39,0.198986784642377,0.0401546464120279,7.21405088540334e-07,3,FALSE
"341","Height","cg02378208",367,0.101157095369377,0.0204239637958045,7.31294486135133e-07,3,FALSE
"342","Thyroid cancer","cg02158486",347,-0.00205582480656322,0.000415245410919985,7.3883581110885e-07,3,FALSE
"343","Multiple sclerosis","cg10023855",39,-0.176366382073865,0.0356352818224049,7.45165075102582e-07,3,FALSE
"344","Age at menarche","cg11826999",64,-0.195021864498239,0.0394070586412449,7.46314315354365e-07,3,FALSE
"345","Ulcerative colitis","cg07589342",79,-0.046289231108553,0.00935548596989879,7.50504750027966e-07,3,FALSE
"346","Rheumatoid arthritis","cg00755130",49,-0.163561439479353,0.0330926073945124,7.71124287251494e-07,3,FALSE
"347","Rheumatoid arthritis","cg16345566",49,0.410890673873536,0.0831639389632282,7.78301152972602e-07,3,FALSE
"348","Multiple sclerosis","cg02867250",39,-0.0827384628621788,0.0167517579617052,7.84874397569776e-07,3,FALSE
"349","Transferrin Saturation","cg00649377",3,-0.123520106313852,0.0250110480153168,7.86766416982062e-07,3,FALSE
"350","Asthma","cg23045991",8,0.115073225904586,0.0233076123291211,7.9271667606373e-07,3,FALSE
"351","Age at menarche","cg04807108",64,-0.133918783731987,0.0271345257073883,8.00010736922813e-07,3,FALSE
"352","Heart rate","cg21932416",15,-0.0278166295038356,0.00563801544664005,8.06604887607389e-07,3,FALSE
"353","Juvenile idiopathic arthritis","cg22547540",3,0.0616486238890316,0.0124998521852246,8.14134957394597e-07,3,FALSE
"354","Rheumatoid arthritis","cg09621572",49,0.0677989452166926,0.0137493793495028,8.1786718003405e-07,3,FALSE
"355","Multiple sclerosis","cg00916439",39,-0.166875664291338,0.0338437521331585,8.19072813065185e-07,3,FALSE
"356","Multiple sclerosis","cg25212457",39,-0.151133302821151,0.0306577225555284,8.23569766015525e-07,3,FALSE
"357","Juvenile idiopathic arthritis","cg10094358",3,0.0605979915300816,0.0122972888109466,8.318103453792e-07,3,FALSE
"358","Rheumatoid arthritis","cg16795830",49,0.0468282314857798,0.00950385336049118,8.33784137845051e-07,3,FALSE
"359","Multiple sclerosis","cg07007382",39,0.386268796247119,0.0784055194100534,8.36937408895467e-07,3,FALSE
"360","Rheumatoid arthritis","cg02863594",49,0.0521259682081069,0.0105830928735124,8.41878524933217e-07,3,FALSE
"361","Juvenile idiopathic arthritis","cg04861640",3,0.0424230662207022,0.00862097281917308,8.61409589445214e-07,3,FALSE
"362","Narcolepsy","cg07026904",4,-0.0865757823361258,0.017599105996211,8.68416534457857e-07,3,FALSE
"363","Height","cg12320039",367,0.0996255048246426,0.0202583292809179,8.75422766435731e-07,3,FALSE
"364","Height","cg16355550",367,0.0892265310796824,0.0181515821838924,8.84956802671413e-07,3,FALSE
"365","Iron","cg00466425",3,-0.161769618109232,0.0329227901051111,8.94163657517957e-07,3,FALSE
"366","Multiple sclerosis","cg23732629",39,-0.219248327535786,0.0446221146842616,8.9489627639671e-07,3,FALSE
"367","Rheumatoid arthritis","cg08463024",49,0.0619075467218806,0.0126050111126228,9.04541990131342e-07,3,FALSE
"368","Rheumatoid arthritis","cg17360552",49,0.474075833609118,0.0966024842183176,9.22488300397783e-07,3,FALSE
"369","Rheumatoid arthritis","cg02402436",49,0.0834814154545355,0.0170125654844451,9.24590731407398e-07,3,FALSE
"370","HDL cholesterol","cg10349685",86,-0.121142487941963,0.0246881565409612,9.25238809795795e-07,3,FALSE
"371","Multiple sclerosis","cg04567302",39,-0.249750415034309,0.0509105702827284,9.31093498785842e-07,3,FALSE
"372","Multiple sclerosis","cg06832687",39,-0.1671561146982,0.034109589013411,9.55634787862643e-07,3,FALSE
"373","Lung adenocarcinoma","cg13937040",14,-0.0909504430813336,0.0185645521796166,9.62543260974471e-07,3,FALSE
"374","Multiple sclerosis","cg02793323",39,0.286252755533433,0.0584705193508361,9.79680478001335e-07,3,FALSE
"375","Years of schooling","cg18399703",71,-0.323988246850264,0.0661811408469444,9.80676069968164e-07,3,FALSE
"376","Transferrin Saturation","cg00466425",2,-0.126366546143613,0.0259203260203391,1.08703099377741e-06,3,FALSE
"377","LDL cholesterol","cg27243685",3,0.534637468598408,0.11948909674665,7.66398209384757e-06,3,FALSE
"378","Mean cell haemoglobin","cg14295437",19,-0.0920845023032343,0.020967304534912,1.12408828318352e-05,3,FALSE
"379","Iron","cg17670496",2,-0.204076207884048,0.0517501903951886,8.03053153288131e-05,3,FALSE
"380","LDL cholesterol","cg06500161",3,0.473164472001592,0.122995671039362,0.0001195724715884,3,FALSE
"381","Mean cell volume","cg12265950",4,-0.0761733237119472,0.0201853790496177,0.000160851870763687,3,FALSE
"382","Transferrin Saturation","cg10037068",2,-0.117519829941196,0.0312498038961093,0.000169466887540203,3,FALSE
"383","Fasting insulin","cg01082498",2,1.38100623802461,0.379636465602061,0.00027507606783967,3,FALSE
"384","Mean cell haemoglobin","cg25577648",19,-0.0723269623562607,0.0210190215632976,0.000579516648909616,3,FALSE
"385","Mean cell volume","cg15254238",19,-0.0293054428532888,0.00935163343161327,0.00172602824085703,3,FALSE
"386","Obesity class 2","cg02185666",2,0.1571799434801,0.052816022747323,0.0029204460218829,3,FALSE
"387","Iron","cg25251478",2,-0.16802560984562,0.0576653327986813,0.0035705137665904,3,FALSE
"388","Mean cell volume","cg25926515",19,-0.0249271201436131,0.00868554796977448,0.00410531964757595,3,FALSE
"389","Iron","cg17569438",2,-0.19600243285855,0.0716117747682155,0.00619996471952741,3,FALSE
"390","Iron","cg22548220",2,-0.195837250188973,0.0737066190231561,0.00788433665270253,3,FALSE
"391","Triglycerides","cg16030113",3,0.442801965744821,0.173429058068112,0.0106733070505149,3,FALSE
"392","LDL cholesterol","cg01082498",3,-0.292553046003464,0.119481320927839,0.0143442326213107,3,FALSE
"393","Red blood cell count","cg14295437",4,0.722869809870446,0.299478754407705,0.0157888626540226,3,FALSE
"394","Red blood cell count","cg25577648",4,0.708976719354502,0.296136757267855,0.0166618638270285,3,FALSE
"395","Iron","cg16675381",2,-0.167225134075182,0.0744379788107127,0.0246718150236529,3,FALSE
"396","Mean cell haemoglobin","cg12265950",4,-0.160536106367809,0.0740612954828566,0.0301882677264154,3,FALSE
"397","LDL cholesterol","cg10192877",3,0.252646602465898,0.119484001076561,0.0344742398798602,3,FALSE
"398","LDL cholesterol","cg00574958",3,-0.246933453257826,0.11945294112189,0.0387150493501907,3,FALSE
"399","Triglycerides","cg10349685",5,0.246461094450447,0.119852051496764,0.0397461172766557,3,FALSE
"400","Iron","cg04703560",2,0.20842204934988,0.101932624775543,0.0408840454211663,3,FALSE
"401","Iron","cg15018934",2,-0.170189750241508,0.0879310942262739,0.0529301992563592,3,FALSE
"402","HDL cholesterol","cg00574958",5,0.200898995208081,0.114548678683686,0.0794595121305246,3,FALSE
"403","HDL cholesterol","cg06500161",5,-0.295746876927225,0.184439801521289,0.108827113700574,3,FALSE
"404","Mean cell volume","cg00904258",4,-0.0399412027651097,0.025269153617716,0.113962476776325,3,FALSE
"405","HDL cholesterol","cg27243685",5,-0.205525040497979,0.144383596251322,0.154601311669366,3,FALSE
"406","HDL cholesterol","cg22171829",5,0.16355776373848,0.115050517801944,0.155137487678503,3,FALSE
"407","LDL cholesterol","cg22171829",3,-0.196089649460194,0.141036941878828,0.164424908565558,3,FALSE
"408","Mean cell haemoglobin","cg00904258",4,-0.0683446448746905,0.0589141885724496,0.246019877882542,3,FALSE
"409","HDL cholesterol","cg17058475",5,0.13221008577437,0.11455994944609,0.248471883373451,3,FALSE
"410","LDL cholesterol","cg00904258",2,-0.211830745299303,0.212110703481452,0.3179496683399,3,FALSE
"411","Fasting insulin","cg17058475",2,1.52951821395194,1.53823583869489,0.320060914798291,3,FALSE
"412","Fasting insulin","cg11024682",2,-1.2250026577375,1.23709246993253,0.322063062722191,3,FALSE
"413","Extreme body mass index","cg07527126",2,-0.0349013035320873,0.0372959007539714,0.349378938465741,3,FALSE
"414","Fasting insulin","cg10192877",2,-0.65835091142399,0.826232384412023,0.425560904772526,3,FALSE
"415","Fasting insulin","cg00574958",2,1.502762584022,1.9467928131281,0.440163552620561,3,FALSE
"416","LDL cholesterol","cg12477923",3,0.142035858904235,0.193544985529393,0.463031120763345,3,FALSE
"417","LDL cholesterol","cg12265950",2,-0.0979804332873291,0.145682709002235,0.501226948515768,3,FALSE
"418","Fasting insulin","cg09737197",2,1.12054826534782,1.69384100798524,0.508264298160083,3,FALSE
"419","Fasting insulin","cg22171829",2,0.597629557975509,1.06238542960142,0.573751198480085,3,FALSE
"420","Triglycerides","cg12477923",5,0.062866628800516,0.114385284620452,0.58259090173677,3,FALSE
"421","Fasting insulin","cg06500161",2,-1.00148053622287,1.83780210270458,0.585799028927077,3,FALSE
"422","HDL cholesterol","cg16030113",3,-0.0634500032439362,0.135120009692828,0.638653270249896,3,FALSE
"423","LDL cholesterol","cg09737197",3,-0.0520037831786695,0.119498018936297,0.663427919877242,3,FALSE
"424","Fasting insulin","cg27243685",2,-0.33558468785735,0.814785341343933,0.680435565913108,3,FALSE
"425","LDL cholesterol","cg10349685",3,-0.0775528967870347,0.221918852679965,0.726740158053025,3,FALSE
"426","LDL cholesterol","cg17058475",3,-0.0330711398544904,0.119480982336834,0.7819413681557,3,FALSE
"427","Red blood cell count","cg25926515",4,0.106979673593013,0.42730566439419,0.802309996219932,3,FALSE
"428","HDL cholesterol","cg10192877",5,-0.0298732672893123,0.119422729203049,0.802473477024037,3,FALSE
"429","HDL cholesterol","cg09737197",5,0.0328393040257145,0.140651942299732,0.815389313430762,3,FALSE
"430","Triglycerides","cg06178669",2,0.0410783830283049,0.213759974837395,0.847608572980101,3,FALSE
"431","Red blood cell count","cg16030113",2,0.0638276680615811,0.376812471852502,0.865491133860403,3,FALSE
"432","Triglycerides","cg23032421",2,0.0149610701581333,0.118087693804249,0.899182139901765,3,FALSE
"433","Red blood cell count","cg15254238",4,0.0531947274266238,0.534248277998399,0.920686267188275,3,FALSE
"434","HDL cholesterol","cg11024682",5,-0.00688818926233713,0.115351492719582,0.952382798265207,3,FALSE
"435","HDL cholesterol","cg01082498",5,0.00422666743050346,0.146580295397622,0.976996052595196,3,FALSE
"436","LDL cholesterol","cg11024682",3,-0.00179429083518281,0.120211744547732,0.988091148634889,3,FALSE
