,x
1,cg08795713
2,cg19453472
3,cg02842889
4,cg17251423
5,cg00401101
6,cg01238044
7,cg25896894
8,cg15345074
9,cg13115616
10,cg21027267
11,cg00822399
12,cg26983535
13,cg05279229
14,cg02901790
15,cg00742920
16,cg05544622
17,cg26891570
18,cg08662043
19,cg03007623
20,cg25730351
21,cg17837162
22,cg04311686
23,cg05710071
24,cg10387963
25,cg23348979
26,cg07068956
27,cg17551702
28,cg23073032
29,cg22956635
30,cg08744069
31,cg04016768
32,cg21657568
33,cg18077436
34,cg15048554
35,cg10804726
36,cg03923227
37,cg09297514
38,cg07882021
39,cg04448376
40,cg05621349
41,cg25438683
42,cg16029875
43,cg02839557
44,cg09017894
45,cg06018447
46,cg01068452
47,cg24120210
48,cg07731488
49,cg06634367
50,cg24493971
51,cg25138752
52,cg23729501
53,cg23699809
54,cg14523380
55,cg13303461
56,cg05372444
57,cg09102880
58,cg00214611
59,cg07882546
60,cg15408512
61,cg13142917
62,cg14741114
63,cg03654560
64,cg14223866
65,cg01403309
66,cg25756647
67,cg21898755
68,cg24117017
69,cg27433982
70,cg02011394
71,cg13133420
72,cg10040162
73,cg24638099
74,cg23910634
75,cg17664577
76,cg12107643
77,cg06587249
78,cg06479204
79,cg06322277
80,cg01510903
81,cg11849573
82,cg05955334
83,cg10213302
84,cg25604628
85,cg09540612
86,cg22575498
87,cg02751273
88,cg13045071
89,cg00843105
90,cg18032798
91,cg20481642
92,cg04779361
93,cg10854295
94,cg10267609
95,cg01494614
96,cg04251194
97,cg13874759
98,cg21648376
99,cg08137236
100,cg05922319
101,cg03767353
102,cg09121569
103,cg11896151
104,cg17442548
105,cg04085771
106,cg21639114
107,cg18480033
108,cg11302943
109,cg14331362
110,cg07508773
111,cg21126229
112,cg14364474
113,cg07749655
114,cg05874523
115,cg11478607
116,cg20954110
117,cg25208863
118,cg00050873
119,cg27210166
120,cg22697574
121,cg01381301
122,cg05480730
123,cg03750315
124,cg06166515
125,cg05890011
126,cg22692725
127,cg09354553
128,cg09320993
129,cg13213216
130,cg26482585
131,cg18792536
132,cg06503255
133,cg21164095
134,cg22764591
135,cg17263026
136,cg02050847
137,cg25705492
138,cg27265939
139,cg17245336
140,cg01053463
141,cg25475789
142,cg04042030
143,cg01849514
144,cg10050816
145,cg05111159
146,cg26502549
147,cg10989862
148,cg10690152
149,cg00213748
150,cg14075454
151,cg13782443
152,cg20214004
153,cg00212031
154,cg11539882
155,cg13268984
156,cg03488097
157,cg07939587
158,cg24206053
159,cg09038294
160,cg03052502
161,cg15935877
162,cg15935070
163,cg11987751
164,cg25137613
165,cg05341252
166,cg01270299
167,cg07718631
168,cg05563222
169,cg15980277
170,cg11924452
171,cg02717887
172,cg11415653
173,cg05917311
174,cg04303809
175,cg00974689
176,cg10841270
177,cg18386867
178,cg04413673
179,cg08661211
180,cg19926776
181,cg17527589
182,cg24138857
183,cg25427172
184,cg13361141
185,cg15422579
186,cg00845930
187,cg20121257
188,cg01097907
189,cg16010385
190,cg09052544
191,cg20481824
192,cg13429256
193,cg13281118
194,cg11674627
195,cg23987381
196,cg26506795
197,cg18441082
198,cg04072545
199,cg08537890
200,cg22596716
201,cg25224551
202,cg22291694
203,cg17834650
204,cg02558474
205,cg21873275
206,cg03896944
207,cg21644713
208,cg00873648
209,cg26517491
210,cg18282321
211,cg12667768
212,cg15810474
213,cg02069150
214,cg04016144
215,cg15865150
216,cg06620353
217,cg13597570
218,cg25199850
219,cg25518695
220,cg03539016
221,cg04767932
222,cg01445689
223,cg12809159
224,cg08242338
225,cg09187865
226,cg02234672
227,cg02801598
228,cg18292172
229,cg04708753
230,cg24792717
231,cg26585007
232,cg14180491
233,cg11499685
234,cg01694488
235,cg08027640
236,cg10904972
237,cg26023405
238,cg19247841
239,cg00870694
240,cg25638978
241,cg03683899
242,cg05624862
243,cg01111656
244,cg06366585
245,cg03443143
246,cg15374193
247,cg03155755
248,cg23614217
249,cg03999583
250,cg01211355
251,cg09245989
252,cg26875874
253,cg07904290
254,cg27098574
255,cg01192200
256,cg21360245
257,cg15577010
258,cg10076560
259,cg18029321
260,cg07774765
261,cg15329860
262,cg11968414
263,cg09462281
264,cg07179770
265,cg13813355
266,cg12698349
267,cg03041463
268,cg11256764
269,cg11081482
270,cg14561229
271,cg08697280
272,cg16542406
273,cg00781875
274,cg06008419
275,cg19196258
276,cg06014631
277,cg03296304
278,cg21050013
279,cg15224537
280,cg10456597
281,cg05840289
282,cg05865243
283,cg11395453
284,cg08265308
285,cg11131351
286,cg06350542
287,cg14069205
288,cg06559318
289,cg14114135
290,cg21720268
291,cg21214630
292,cg15746461
293,cg04918897
294,cg24647363
295,cg27049643
296,cg09649545
297,cg15822157
298,cg14057434
299,cg21983255
300,cg09852199
301,cg12280242
302,cg14249876
303,cg10363397
304,cg19130860
305,cg06850186
306,cg02831300
307,cg25431399
308,cg00177657
309,cg02046589
310,cg22692549
311,cg25071634
312,cg15677797
313,cg11258043
314,cg11050862
315,cg15429127
316,cg26030770
317,cg14170504
318,cg05534333
319,cg07912251
320,cg04573510
321,cg16084893
322,cg05738251
323,cg10698069
324,cg01385018
325,cg26751440
326,cg13348530
327,cg10047753
328,cg27635110
329,cg01973410
330,cg15682993
331,cg17198360
332,cg26430986
333,cg15563434
334,cg24834873
335,cg10618014
336,cg19536810
337,cg25120325
338,cg07667458
339,cg27388983
340,cg16587635
341,cg18665209
342,cg11320369
343,cg27180868
344,cg17386413
345,cg18899802
346,cg01957799
347,cg05021846
348,cg14363146
349,cg05299459
350,cg06732825
351,cg23444004
352,cg20667334
353,cg09460641
354,cg05075692
355,cg09350919
356,cg14014604
357,cg19111910
358,cg24667405
359,cg05249744
360,cg26983430
361,cg17197981
362,cg06194479
363,cg23171812
364,cg11821302
365,cg25311637
366,cg19850149
367,cg27143246
368,cg22304543
369,cg07747963
370,cg02233190
371,cg26058907
372,cg22401419
373,cg07267139
374,cg19651767
375,cg26111107
376,cg24981196
377,cg11689406
378,cg10345407
379,cg07026430
380,cg06228565
381,cg05679760
382,cg13121907
383,cg04241598
384,cg18400442
385,cg21404851
386,cg17585507
387,cg06012695
388,cg08515884
389,cg12744916
390,cg15281205
391,cg22851356
392,cg01413796
393,cg18629013
394,cg12575478
395,cg27436767
396,cg11398790
397,cg20336016
398,cg19619592
399,cg27070288
400,cg25505551
401,cg07238450
402,cg06578505
403,cg23961757
404,cg26621817
405,cg16432125
406,cg05645675
407,cg12638060
408,cg21449027
409,cg05580683
410,cg02042775
411,cg14112338
412,cg13304306
413,cg10407763
414,cg15924527
415,cg27239218
416,cg01883043
417,cg21886196
418,cg08212685
419,cg08146944
420,cg11648862
421,cg04682600
422,cg03424643
423,cg08963455
424,cg26746055
425,cg25042332
426,cg15838333
427,cg27567815
428,cg26722601
429,cg03363161
430,cg20301210
431,cg14674954
432,cg06842238
433,cg12543139
434,cg06766891
435,cg20633995
436,cg15874770
437,cg06671703
438,cg10675527
439,cg17281658
440,cg09761058
441,cg16646226
442,cg19929306
443,cg18112748
444,cg07387052
445,cg15130866
446,cg00106621
447,cg20945531
448,cg21195920
449,cg24787800
450,cg14042936
451,cg23421392
452,cg14046986
453,cg04124201
454,cg20005344
455,cg18029737
456,cg14557807
457,cg13511418
458,cg07586739
459,cg01900066
460,cg01795789
461,cg01525935
462,cg21222185
463,cg17330030
464,cg27287166
465,cg08984179
466,cg00785632
467,cg01073572
468,cg03598921
469,cg22798174
470,cg11621038
471,cg19804911
472,cg07838117
473,cg16726659
474,cg04577745
475,cg18778188
476,cg27608402
477,cg04194342
478,cg12995701
479,cg09494375
480,cg04053063
481,cg22595864
482,cg24183504
483,cg14779367
484,cg16611800
485,cg24034258
486,cg25811448
487,cg06525520
488,cg25152925
489,cg25900163
490,cg02065557
491,cg08637725
492,cg03346498
493,cg20213866
494,cg24229304
495,cg18590996
496,cg26482210
497,cg18215754
498,cg21507367
499,cg15727053
500,cg01692057
501,cg13939640
502,cg19647263
503,cg19953253
504,cg08711005
505,cg11734718
506,cg18613772
507,cg09383792
508,cg00144814
509,cg19451011
510,cg15598182
511,cg00704882
512,cg02930910
513,cg19265526
514,cg24782526
515,cg26590106
516,cg19075727
517,cg00869533
518,cg17585208
519,cg07127468
520,cg19027889
521,cg15891645
522,cg25538674
523,cg04334746
524,cg25004385
525,cg08163709
526,cg11134262
527,cg00484179
528,cg11160674
529,cg11272024
530,cg20139290
531,cg00526843
532,cg07127047
533,cg04294154
534,cg00569673
535,cg16681395
536,cg21721910
537,cg21096803
538,cg26790635
539,cg12545805
540,cg02722957
541,cg05628259
542,cg24430871
543,cg23656888
544,cg10185650
545,cg05986449
546,cg05198354
547,cg11708417
548,cg24276624
549,cg13498382
550,cg09087020
551,cg19738233
552,cg13036173
553,cg11898347
554,cg04956576
555,cg20933299
556,cg20106158
557,cg02491969
558,cg10517317
559,cg17006841
560,cg00292331
561,cg26526853
562,cg15604374
563,cg27315287
564,cg14551984
565,cg06047629
566,cg27373952
567,cg27234350
568,cg00638631
569,cg06034070
570,cg23054695
571,cg10978274
572,cg13252613
573,cg26531432
574,cg08599672
575,cg07889432
576,cg19102118
577,cg11720686
578,cg21430824
579,cg15946815
580,cg06526761
581,cg21140986
582,cg18293886
583,cg15845072
584,cg27611726
585,cg00975375
586,cg19294383
587,cg06265999
588,cg01509409
589,cg02793280
590,cg18838761
591,cg11446720
592,ch.16.779861F
593,cg16592781
594,cg24199724
595,cg14854798
596,cg05009094
597,cg11887420
598,cg10715099
599,cg15685489
600,cg10799208
601,cg00866836
602,cg14687930
603,cg17741448
604,cg00335297
605,cg14337712
606,cg07230698
607,cg09626816
608,cg09282660
609,cg07650887
610,cg05940236
611,cg08053115
612,cg22336156
613,cg11505240
614,cg02012379
615,cg07466829
616,cg16766061
617,cg23372178
618,cg03391002
619,cg07390013
620,cg26284114
621,cg23816620
622,cg15221848
623,cg18936642
624,cg14443404
625,cg13072253
626,cg01384410
627,cg05754819
628,cg21702625
629,cg00786635
630,cg24760581
631,cg13691793
632,cg09588476
633,cg00404049
634,cg21125179
635,cg13708861
636,cg14609556
637,cg05005753
638,cg03474879
639,cg17518223
640,cg08069775
641,cg10278938
642,cg14329572
643,cg02600718
644,cg05365543
645,cg13795666
646,cg19262433
647,cg26362078
648,cg24680742
649,cg08146441
650,cg13896190
651,cg07050629
652,cg03386329
653,cg04043538
654,cg06458036
655,cg25521395
656,cg10835413
657,cg10962056
658,cg16344787
659,cg10743148
660,cg02877743
661,cg17332721
662,cg19996105
663,cg12962613
664,cg01584174
665,cg18774611
666,cg01963375
667,cg22538061
668,cg17421046
669,cg12465060
670,cg20906335
671,cg10154953
672,cg16599590
673,cg01193223
674,cg07225509
675,cg02083805
676,cg23646894
677,cg22129188
678,cg09951759
679,cg11286989
680,cg20187220
681,cg09836867
682,cg12934647
683,cg13365524
684,cg05418443
685,cg01975548
686,cg22792749
687,cg02808430
688,cg11376249
689,cg11934288
690,cg10961034
691,cg07950265
692,cg05735139
693,cg03605201
694,cg00014638
695,cg26699121
696,cg15644114
697,cg18471200
698,cg23529320
699,cg12168100
700,cg18815363
701,cg25790831
702,cg00134134
703,cg02078724
704,cg14526044
705,cg20003668
706,cg25323530
707,cg00443488
708,cg03247653
709,cg17578275
710,cg24935223
711,cg26069299
712,cg08027238
713,cg12872410
714,cg27467591
715,cg13318700
716,cg15375051
717,cg03224501
718,cg01157718
719,cg05663294
720,cg24306414
721,cg13982376
722,cg01191347
723,cg10041017
724,cg20739576
725,cg22951222
726,cg27632351
727,cg00061679
728,cg15260981
729,cg08854467
730,cg12994227
731,cg16254485
732,cg12181907
733,cg22723276
734,cg17803268
735,cg17089509
736,cg19268119
737,cg25664050
738,cg23422152
739,cg15760630
740,cg22709100
741,cg12223419
742,cg26140264
743,cg14332866
744,cg09268744
745,cg20011461
746,cg14040808
747,cg22829303
748,cg08749872
749,cg04394104
750,cg21437722
751,cg24034154
752,cg21495668
753,cg05662369
754,cg16734526
755,cg05618150
756,cg02729641
757,cg14019701
758,cg25331922
759,cg25986210
760,cg01378439
761,cg20693840
762,cg01999922
763,cg16747877
764,cg02919082
765,cg04063547
766,cg03853124
767,cg27181727
768,cg20111163
769,cg07390411
770,cg09144108
771,cg08303791
772,cg27210717
773,cg08894816
774,cg01988452
775,cg14268784
776,cg19810426
777,cg21180839
778,cg22346540
779,cg11381203
780,cg27578568
781,cg25731891
782,cg26181139
783,cg19956402
784,cg05844879
785,cg00417576
786,cg06828260
787,cg04528427
788,cg00634258
789,cg21758850
790,cg02826729
791,cg16571124
792,cg18072147
793,cg15231491
794,cg03437341
795,cg06193692
796,cg20193910
797,cg06301252
798,cg16568612
799,cg19278212
800,cg22392673
801,cg18598108
802,cg11864690
803,cg12953402
804,cg01354003
805,cg11044162
806,cg26219505
807,cg23926898
808,cg05944543
809,cg03498453
810,cg21409174
811,cg21504813
812,cg09730272
813,cg20549346
814,cg15677188
815,cg11430599
816,cg12790740
817,cg25019058
818,cg06495719
819,cg19435810
820,cg04123665
821,cg16184413
822,cg00815869
823,cg24411238
824,cg21961499
825,cg05941499
826,cg02095601
827,cg00321682
828,cg27012845
829,cg06936286
830,cg14924388
831,cg08924424
832,cg01502466
833,cg27280022
834,cg05036106
835,cg25299507
836,cg02577797
837,cg04958669
838,cg10338539
839,cg24104387
840,cg05944940
841,cg13934986
842,cg16138839
843,cg03441493
844,cg01916786
845,cg14570433
846,cg25710745
847,cg05836189
848,cg02187176
849,cg25386437
850,cg01732826
851,cg05453373
852,cg16188843
853,cg09896351
854,cg04217234
855,cg26287152
856,cg06734157
857,cg03930097
858,cg19385767
859,cg18784409
860,cg04841583
861,cg00689133
862,cg11100080
863,cg03966322
864,cg04060138
865,cg12126267
866,cg11857866
867,cg09160515
868,cg00271873
869,cg22030445
870,cg05700181
871,cg03102767
872,cg09022647
873,cg15800360
874,cg25023679
875,cg18232089
876,cg13517747
877,cg14530623
878,cg24720291
879,cg20910935
880,cg18411559
881,cg07688291
882,cg17052123
883,cg08981801
884,cg16378151
885,cg05718005
886,cg15226357
887,cg00337569
888,cg23570776
889,cg01639960
890,cg19153556
891,cg05165050
892,cg16590891
893,cg27062705
894,cg00745834
895,cg10133369
896,cg14773367
897,cg24565461
898,cg27095776
899,cg06407140
900,cg26488634
901,cg10027315
902,cg02579892
903,cg21849835
904,cg01007031
905,cg09901823
906,cg16674582
907,cg00022592
908,cg02950233
909,cg16834408
910,cg21827683
911,cg21284743
912,cg02735423
913,cg00956039
914,cg01250204
915,cg05128824
916,cg12898496
917,cg10760198
918,cg19628908
919,cg07156742
920,cg22046151
921,cg14829303
922,cg18003211
923,cg21125709
924,cg23649326
925,cg11405445
926,cg23975226
927,cg14464603
928,cg25779596
929,cg18761238
930,cg12638508
931,cg19927926
932,cg05380919
933,cg24153901
934,cg01339752
935,cg18417966
936,cg17306796
937,cg03830926
938,cg19990038
939,cg14100137
940,cg08767460
941,cg09208360
942,cg24358089
943,cg08122751
944,cg14047540
945,cg24309011
946,cg24393100
947,cg01744396
948,cg06160643
949,cg05323542
950,cg22270253
951,cg01730785
952,cg06060497
953,cg13528314
954,cg12529438
955,cg17080216
956,cg03130663
957,cg22430708
958,cg24419993
959,cg01317379
960,cg06085657
961,cg08316724
962,cg24837623
963,cg13768045
964,cg24362774
965,cg14611964
966,cg21480211
967,cg14348336
968,cg13042103
969,cg02339482
970,cg00771309
971,cg12843123
972,cg09085411
973,cg02183364
974,cg13468374
975,cg13552155
976,cg03641275
977,cg16020483
978,cg18452169
979,cg06416240
980,cg23785456
981,cg08632305
982,cg17937061
983,cg00683085
984,cg13197260
985,cg00192952
986,cg25502312
987,cg13883966
988,cg18576552
989,cg01020128
990,cg05646371
991,cg04705866
992,cg23399379
993,cg17850273
994,cg13865948
995,cg24374260
996,cg26400897
997,cg02555712
998,cg16475806
999,cg19034208
1000,cg15864152
1001,cg07551707
1002,cg22882563
1003,cg06635240
1004,cg08695442
1005,cg20048186
1006,cg07801620
1007,cg21329660
1008,cg23935630
1009,cg00441209
1010,cg19153028
1011,cg24086348
1012,cg05577994
1013,cg18919462
1014,cg11824389
1015,cg10468688
1016,cg08616640
1017,cg01563234
1018,cg20306285
1019,cg11468315
1020,cg11757124
1021,cg25832187
1022,cg12144517
1023,cg13851901
1024,cg09479775
1025,cg06105747
1026,cg25169289
1027,cg19017212
1028,cg21069563
1029,cg16785827
1030,cg06763280
1031,cg18387270
1032,cg15851066
1033,cg27327253
1034,cg22133889
1035,cg00722793
1036,cg01452204
1037,cg17985493
1038,cg27368331
1039,cg25282730
1040,cg10212854
1041,cg27493785
1042,cg00543493
1043,cg27630192
1044,cg08952867
1045,cg21106100
1046,cg23271724
1047,cg01234121
1048,cg21499486
1049,cg27307154
1050,cg01934566
1051,cg01727128
1052,cg13145550
1053,cg16010122
1054,cg23629959
1055,cg21236003
1056,cg07875199
1057,cg11354643
1058,cg14865186
1059,cg19432243
1060,cg24919899
1061,cg25348601
1062,cg06580816
1063,cg12456573
1064,cg11631601
1065,cg02522936
1066,cg07584860
1067,cg17278207
1068,cg10597567
1069,cg16467444
1070,cg17129265
1071,cg19431418
1072,cg05566221
1073,cg07938212
1074,cg20753394
1075,cg12367833
1076,cg25115945
1077,cg10324413
1078,cg24659200
1079,cg24166281
1080,cg07210774
1081,cg02148024
1082,cg04918112
1083,cg22550084
1084,cg08909553
1085,cg22405556
1086,cg14496239
1087,cg22435875
1088,cg05347405
1089,cg14669419
1090,cg18131456
1091,cg21685655
1092,cg05467458
1093,cg21298667
1094,cg08206482
1095,cg03141845
1096,cg04234536
1097,cg02842608
1098,cg08325413
1099,cg11501596
1100,cg22045528
1101,cg12973840
1102,cg01249778
1103,cg13402298
1104,cg01959634
1105,cg24926954
1106,cg01013857
1107,cg01761703
1108,cg23399347
1109,cg07564399
1110,cg04854997
1111,cg03873431
1112,cg16194698
1113,cg22009376
1114,cg01085533
1115,cg06813871
1116,cg12796933
1117,cg01414824
1118,cg22964466
1119,cg14642291
1120,cg03029566
1121,cg11452700
1122,cg27113095
1123,cg06428903
1124,cg25881399
1125,cg08438647
1126,cg24871015
1127,cg00271171
1128,cg17591000
1129,cg26886948
1130,cg01650086
1131,cg03041689
1132,cg13725394
1133,cg19751990
1134,cg12840695
1135,cg09483607
1136,cg00510031
1137,cg17486758
1138,cg11112876
1139,cg25339913
1140,cg00612979
1141,cg14053194
1142,cg02737291
1143,cg04200372
1144,cg01979460
1145,cg21969190
1146,cg11428067
1147,cg17531668
1148,cg01924146
1149,cg17896072
1150,cg22652197
1151,cg03570708
1152,cg08673225
1153,cg20057147
1154,cg02981209
1155,cg18175291
1156,cg18485946
1157,cg20561941
1158,cg12025562
1159,cg04700648
1160,cg00600261
1161,cg18958984
1162,cg01927894
1163,cg13992929
1164,cg09229115
1165,cg13917713
1166,cg05341234
1167,cg21934353
1168,cg07738664
1169,cg14034135
1170,cg12349241
1171,cg05237061
1172,cg01560382
1173,cg11858194
1174,cg02828505
1175,cg19090364
1176,cg02333075
1177,cg04804472
1178,cg21507371
1179,cg25512509
1180,cg10393857
1181,cg12365612
1182,cg19270221
1183,cg11873462
1184,cg11656920
1185,cg18073566
1186,cg00859877
1187,cg18589875
1188,cg12939989
1189,cg13947301
1190,cg14383905
1191,cg17417926
1192,cg16788319
1193,cg20928203
1194,cg07013402
1195,cg20600038
1196,cg08408251
1197,cg27443332
1198,cg27428961
1199,cg12963603
1200,cg01311227
1201,cg21223191
1202,cg05635359
1203,cg10111582
1204,cg16453878
1205,cg03561638
1206,cg13658154
1207,cg15250865
1208,cg20823187
1209,cg18588204
1210,cg04266774
1211,cg07723198
1212,cg04824771
1213,cg16892828
1214,cg07669797
1215,cg16073460
1216,cg04498907
1217,cg13340899
1218,cg05711300
1219,cg04089974
1220,cg05869101
1221,cg07140382
1222,cg17709253
1223,cg26888807
1224,cg06825627
1225,cg09407810
1226,cg03165304
1227,cg09683799
1228,cg19883025
1229,cg01680988
1230,cg10414878
1231,cg05431942
1232,cg00752230
1233,cg18539768
1234,cg09363079
1235,cg07872475
1236,cg03673787
1237,cg17327997
1238,cg01275766
1239,cg23028728
1240,cg01810593
1241,cg13763597
1242,cg08413738
1243,cg12513509
1244,cg23411885
1245,cg13497626
1246,cg22940616
1247,cg14350149
1248,cg03471320
1249,cg17429732
1250,cg03717460
1251,cg16946271
1252,cg06507137
1253,cg24455256
1254,cg13532787
1255,cg09049879
1256,cg03295086
1257,cg02280355
1258,cg26602760
1259,cg11403352
1260,cg09508552
1261,cg20474581
1262,cg15811964
1263,cg18088652
1264,cg13947483
1265,cg23407997
1266,cg03564204
1267,cg12429241
1268,cg26975850
1269,cg07934264
1270,cg00738635
1271,cg01610982
1272,cg01493956
1273,cg05926715
1274,cg18157505
1275,cg01378848
1276,cg05776336
1277,cg13395646
1278,cg14231049
1279,cg10229938
1280,cg18434902
1281,cg07765885
1282,cg07150363
1283,cg26197191
1284,cg22587673
1285,cg14458799
1286,cg27375079
1287,cg10620659
1288,cg04613978
1289,cg18227026
1290,cg11935547
1291,cg01241241
1292,cg01950921
1293,cg18751375
1294,cg24761638
1295,cg11975598
1296,cg10042530
1297,cg07799920
1298,cg07816190
1299,cg12439150
1300,cg14492024
1301,cg06911237
1302,cg03924089
1303,cg05606115
1304,cg11646117
1305,cg14781813
1306,cg23069010
1307,cg09928045
1308,cg22205811
1309,cg17610751
1310,cg09244222
1311,cg07292014
1312,cg15392326
1313,cg04422391
1314,cg24305122
1315,cg03805543
1316,cg27342489
1317,cg03555477
1318,cg08718997
1319,cg13186811
1320,cg20629334
1321,cg23911553
1322,cg00759426
1323,cg11969830
1324,cg14902675
1325,cg04718469
1326,cg13139335
1327,cg19175622
1328,cg15457495
1329,cg13808036
1330,cg16579185
1331,cg25172835
1332,cg18211258
1333,cg00120118
1334,cg10494843
1335,cg26890348
1336,cg21768610
1337,cg01382567
1338,cg09930753
1339,cg20184660
1340,cg05775372
1341,cg27100221
1342,cg01061520
1343,cg15234083
1344,cg25862752
1345,cg00529656
1346,cg00291896
1347,cg16599577
1348,cg13054220
1349,cg21428318
1350,cg13326338
1351,cg17054093
1352,cg02265440
1353,cg24016855
1354,cg02384112
1355,cg04141346
1356,cg13689756
1357,cg03152185
1358,cg03716245
1359,cg03548123
1360,cg01215343
1361,cg24752556
1362,cg24560783
1363,cg25977965
1364,cg22018565
1365,cg09243569
1366,cg10205387
1367,cg24585676
1368,cg00307290
1369,cg04212248
1370,cg07754385
1371,cg20432810
1372,cg00876785
1373,cg13667805
1374,cg06716834
1375,cg01848599
1376,cg07611082
1377,cg12723888
1378,cg25153148
1379,cg18310072
1380,cg15841445
1381,cg26594534
1382,cg14851186
1383,cg02128625
1384,cg12789680
1385,cg16421851
1386,cg21971721
1387,cg19655142
1388,cg27199685
1389,cg07331254
1390,cg21991351
1391,cg03466093
1392,cg18330031
1393,cg16087867
1394,cg10214820
1395,cg09315305
1396,cg09262774
1397,cg04977058
1398,cg00030117
1399,cg02219232
1400,cg04137096
1401,cg07022241
1402,cg03702073
1403,cg03187573
1404,cg01710742
1405,cg12352550
1406,cg12338576
1407,cg01128017
1408,cg16663429
1409,cg10774974
1410,cg26164240
1411,cg00804480
1412,cg13715942
1413,cg15557693
1414,cg01414178
1415,cg25866254
1416,cg18211003
1417,cg23195757
1418,cg20346580
1419,cg18125233
1420,cg10463553
1421,cg04562821
1422,cg05353660
1423,cg06759209
1424,cg16514954
1425,cg13181855
1426,cg11233593
1427,cg13459077
1428,cg02640016
1429,cg03752932
1430,cg06963804
1431,cg21214449
1432,cg26680317
1433,cg25092989
1434,cg01270925
1435,cg18848151
1436,cg22918152
1437,cg10538369
1438,cg08976322
1439,cg24119516
1440,cg15162316
1441,cg15086520
1442,cg05258276
1443,cg12530140
1444,cg10744664
1445,cg00083721
1446,cg21219396
1447,cg20596771
1448,cg09738887
1449,cg04512340
1450,cg15497410
1451,cg05753823
1452,cg03021137
1453,cg02714988
1454,cg04564875
1455,cg19777664
1456,cg07920034
1457,cg11620038
1458,cg22203805
1459,cg12018751
1460,cg10196184
1461,cg02934649
1462,cg15460512
1463,cg03870719
1464,cg01139696
1465,cg22123267
1466,cg26965794
1467,cg03077534
1468,cg19774683
1469,cg25112500
1470,cg02412174
1471,cg18912406
1472,cg18667543
1473,cg07191056
1474,cg07307969
1475,cg16859420
1476,cg01911472
1477,cg22803214
1478,cg26799188
1479,cg02345433
1480,cg13180336
1481,cg26830086
1482,cg09150734
1483,cg01219882
1484,cg14671357
1485,cg12683697
1486,cg03578760
1487,cg18138031
1488,cg17064296
1489,cg25826070
1490,cg21002242
1491,cg07475429
1492,cg01482966
1493,cg07384931
1494,cg16203592
1495,cg01176670
1496,cg02145337
1497,cg00543286
1498,cg01398801
1499,cg19977566
1500,cg06673020
1501,cg11494316
1502,cg03513680
1503,cg03888275
1504,cg15304125
1505,cg16786341
1506,cg24020169
1507,cg26767237
1508,cg12870170
1509,cg04071089
1510,cg06247034
1511,cg20431785
1512,cg00648630
1513,cg06847429
1514,cg23456664
1515,cg21005046
1516,cg12182903
1517,cg13910785
1518,cg15654812
1519,cg02606988
1520,cg09541801
1521,cg05837113
1522,cg27231466
1523,cg16793662
1524,cg16495450
1525,cg11607524
1526,cg17030504
1527,cg19600125
1528,cg24821564
1529,cg18269134
1530,cg21183070
1531,cg25893414
1532,cg12634985
1533,cg01597029
1534,cg18097953
1535,cg15752756
1536,cg20864678
1537,cg16143430
1538,cg17015133
1539,cg15413828
1540,cg17348722
1541,cg26932441
1542,cg13765957
1543,cg06101792
1544,cg10035818
1545,cg11587926
1546,cg11370311
1547,cg08923376
1548,cg05743798
1549,cg15725595
1550,cg11684211
1551,cg12280293
1552,cg12095975
1553,cg21332305
1554,cg08286714
1555,cg01157950
1556,cg06031737
1557,cg13048773
1558,cg06963676
1559,cg20433702
1560,cg24935629
1561,cg13365400
1562,cg06128790
1563,cg23105134
1564,cg05098815
1565,cg07209298
1566,cg16108817
1567,cg12090111
1568,cg20341408
1569,cg15443266
1570,cg22046508
1571,cg17213919
1572,cg12693181
1573,cg12133544
1574,cg21591174
1575,cg13067055
1576,cg01368132
1577,cg04557130
1578,cg09927935
1579,cg00121868
1580,cg07042371
1581,cg21407844
1582,cg05400155
1583,cg26946806
1584,cg22327057
1585,cg18190829
1586,cg21828341
1587,cg09293652
1588,cg12544989
1589,cg00592410
1590,cg17966245
1591,cg04169747
1592,cg23934065
1593,cg14505657
1594,cg00970481
1595,cg14910025
1596,cg23031183
1597,cg14524515
1598,cg04483721
1599,cg24798497
1600,cg10661705
1601,cg25126812
1602,cg03779490
1603,cg00173771
1604,cg21017065
1605,cg06710121
1606,cg25427844
1607,cg18249819
1608,cg26278611
1609,cg09159856
1610,cg07115623
1611,cg09370496
1612,cg10773971
1613,cg21061185
1614,cg12987209
1615,cg03827298
1616,cg00572533
1617,cg03663538
1618,cg18615399
1619,cg00817749
1620,cg24383033
1621,cg00679624
1622,cg08399134
1623,cg10565891
1624,cg08219170
1625,cg24051135
1626,cg01062865
1627,cg26799117
1628,cg13198116
1629,cg04336510
1630,cg01707391
1631,cg05594814
1632,cg21433192
1633,cg08626174
1634,cg20738895
1635,cg01987362
1636,cg14838992
1637,cg14965244
1638,cg13334253
1639,cg11984729
1640,cg09192834
1641,cg03120720
1642,cg04100691
1643,cg13427594
1644,cg09999381
1645,cg10937306
1646,cg01288933
1647,cg02982000
1648,cg04492973
1649,cg13253318
1650,cg21032136
1651,cg06617514
1652,cg09616536
1653,cg18256008
1654,cg01201387
1655,cg14498246
1656,cg15001930
1657,cg12493895
1658,cg06753179
1659,cg20091928
1660,cg17050062
1661,cg02996391
1662,cg00569194
1663,cg17265515
1664,cg15912091
1665,cg12744907
1666,cg17502575
1667,cg02906397
1668,cg20449313
1669,cg23239588
1670,cg24593257
1671,cg11683889
1672,cg03062725
1673,cg18822389
1674,cg24502330
1675,cg22317255
1676,cg26203005
1677,cg20168658
1678,cg06002485
1679,cg06186910
1680,cg21469438
1681,cg02187090
1682,cg22411599
1683,cg25044533
1684,cg10646950
1685,cg22023719
1686,cg18165761
1687,cg18629442
1688,cg06145195
1689,cg08935703
1690,cg27021765
1691,cg08276565
1692,cg14086891
1693,cg17476352
1694,cg08258654
1695,cg08177731
1696,cg18239175
1697,cg25349564
1698,cg18582766
1699,cg24550641
1700,cg11014467
1701,cg18782286
1702,cg17874699
1703,cg13445230
1704,cg06537526
1705,cg20648871
1706,cg01634142
1707,cg01998345
1708,cg10959847
1709,cg05283608
1710,cg05009321
1711,cg11807809
1712,cg03106053
1713,cg14649234
1714,cg08199693
1715,cg20215725
1716,cg25347869
1717,cg02860574
1718,cg10922215
1719,cg11760320
1720,cg10006811
1721,cg16705172
1722,cg05697716
1723,cg11540596
1724,cg27509967
1725,cg25043205
1726,cg13796843
1727,cg27000335
1728,cg24274649
1729,cg23243080
1730,cg01130884
1731,cg14133275
1732,cg16392409
1733,cg25811451
1734,cg26881268
1735,cg13715467
1736,cg20593128
1737,cg06026459
1738,cg09034259
1739,cg13802844
1740,cg05682651
1741,cg09746817
1742,cg15260248
1743,cg26615497
1744,cg20758988
1745,cg08749907
1746,cg02210664
1747,cg11830489
1748,cg25289484
1749,cg12695778
1750,cg24778217
1751,cg02250171
1752,cg10113238
1753,cg12055680
1754,cg14797032
1755,cg09236056
1756,cg26518727
1757,cg08413370
1758,cg20482658
1759,cg18938907
1760,cg17380855
1761,cg12121332
1762,cg18555528
1763,cg03535985
1764,cg19995437
1765,cg01766134
1766,cg10849016
1767,cg25072611
1768,cg10307060
1769,cg08739478
1770,cg17719895
1771,cg08374600
1772,cg20017683
1773,cg08922347
1774,cg10498702
1775,cg07068255
1776,cg06030234
1777,cg10187902
1778,cg19774820
1779,cg03175099
1780,cg23103570
1781,cg08513039
1782,cg00456723
1783,cg02381390
1784,cg26672104
1785,cg04900489
1786,cg13558392
1787,cg08414984
1788,cg12225344
1789,cg11208672
1790,cg20256870
1791,cg12616407
1792,cg11109725
1793,cg17203162
1794,cg14565762
1795,cg05096144
1796,cg14887449
1797,cg19013242
1798,cg21702557
1799,cg10618905
1800,cg21385978
1801,cg12183347
1802,cg14090587
1803,cg24620759
1804,cg17472120
1805,cg05336893
1806,cg16538804
1807,cg03048525
1808,cg00821186
1809,cg18845053
1810,cg15287944
1811,cg15411952
1812,cg14645415
1813,cg13646034
1814,cg06459253
1815,cg18228738
1816,cg25338308
1817,cg25474956
1818,cg08091683
1819,cg16637554
1820,cg21778518
1821,cg12628883
1822,cg17489610
1823,cg22115787
1824,cg11148469
1825,cg16733676
1826,cg19641557
1827,cg02597333
1828,cg08575900
1829,cg12371799
1830,cg08048296
1831,cg03882099
1832,cg00103771
1833,cg13473124
1834,cg02544946
1835,cg22202600
1836,cg01958706
1837,cg11199487
1838,cg17687883
1839,cg14608230
1840,cg06928985
1841,cg13258697
1842,cg05558609
1843,cg17573540
1844,cg21272881
1845,cg24963228
1846,cg22635880
1847,cg11712199
1848,cg18083098
1849,cg09493619
1850,cg17188266
1851,cg04788404
1852,cg03900255
1853,cg06700506
1854,cg03741869
1855,cg10770118
1856,cg14465143
1857,cg19504043
1858,cg01688574
1859,cg22177726
1860,cg02159635
1861,cg12468323
1862,cg11201308
1863,cg25322986
1864,cg03971505
1865,cg05108024
1866,cg17705053
1867,cg24647015
1868,cg07607525
1869,cg19702712
1870,cg01339103
1871,cg24417482
1872,cg11866463
1873,cg02805689
1874,cg16149437
1875,cg01670608
1876,cg11629766
1877,cg25879000
1878,cg17724121
1879,cg14442616
1880,cg16027308
1881,cg16571209
1882,cg12258486
1883,cg13191367
1884,cg17939569
1885,cg00644322
1886,cg17868542
1887,cg21353034
1888,cg02061007
1889,cg04513561
1890,cg00729060
1891,cg25914522
1892,cg17512712
1893,cg14874430
1894,cg14174831
1895,cg03131752
1896,cg08193925
1897,cg00280728
1898,cg16602091
1899,cg17857630
1900,cg05040511
1901,cg00272582
1902,cg02002345
1903,cg27388350
1904,cg11148561
1905,cg11395879
1906,cg24998423
1907,cg15700429
1908,cg13890324
1909,cg09469540
1910,cg20907586
1911,cg01948083
1912,cg10358206
1913,cg17773808
1914,cg16163168
1915,cg17132972
1916,cg22553063
1917,cg25234123
1918,cg19751670
1919,cg11327395
1920,cg25059696
1921,cg05116169
1922,cg16819848
1923,cg15492672
1924,cg01312898
1925,cg00762184
1926,cg18111266
1927,cg14457850
1928,cg27157540
1929,cg16479910
1930,cg21986702
1931,cg01296553
1932,cg04390689
1933,cg00035864
1934,cg13614887
1935,cg14901121
1936,cg21547498
1937,cg25595738
1938,cg27540506
1939,cg10011899
1940,cg17011953
1941,cg19761267
1942,cg26394636
1943,cg17874434
1944,cg22602513
1945,cg02154276
1946,cg00835799
1947,cg10066425
1948,cg20567675
1949,cg21524784
1950,cg22999518
1951,cg03485872
1952,cg21175676
1953,cg11294917
1954,cg12529922
1955,cg06096509
1956,cg23929753
1957,cg05251646
1958,cg19048534
1959,cg07830167
1960,cg11450075
1961,cg09898271
1962,cg01005728
1963,cg12531767
1964,cg09463041
1965,cg19048327
1966,cg02269178
1967,cg05787348
1968,cg14562394
1969,cg12918445
1970,cg17570153
1971,cg01801090
1972,cg01011173
1973,cg09906928
1974,cg18345584
1975,cg06082520
1976,cg08563032
1977,cg13128350
1978,cg21529827
1979,cg15781156
1980,cg10413009
1981,cg19793221
1982,cg12449246
1983,cg19712386
1984,cg25445870
1985,cg19059735
1986,cg06199692
1987,cg01489508
1988,cg11853366
1989,cg17904704
1990,cg23532626
1991,cg19317807
1992,cg04548331
1993,cg11616643
1994,cg02291908
1995,cg04647978
1996,cg23097527
1997,cg25402047
1998,cg15655752
1999,cg13861458
2000,cg00576139
2001,cg13407349
2002,cg14840914
2003,cg11986223
2004,cg26845817
2005,cg18226630
2006,cg16514085
2007,cg19860067
2008,cg25421796
2009,cg05084610
2010,cg23256951
2011,cg15472333
2012,cg00317081
2013,cg00108210
2014,cg08568970
2015,cg02680901
2016,cg02195275
2017,cg11844537
2018,cg06685058
2019,cg26575584
2020,cg05193015
2021,cg23372016
2022,cg23897894
2023,cg11682702
2024,cg07800510
2025,cg07060347
2026,cg26284827
2027,cg24958091
2028,cg24384830
2029,cg12187895
2030,cg03516131
2031,cg12885826
2032,cg08702207
2033,cg04559508
2034,cg22453791
2035,cg13740936
2036,cg02787902
2037,cg27015942
2038,cg06712921
2039,cg09516121
2040,cg23736695
2041,cg02923394
2042,cg15725890
2043,cg25078079
2044,cg11733879
2045,cg20934259
2046,cg17205907
2047,cg15059553
2048,cg06536159
2049,cg22739849
2050,cg08549035
2051,cg03102669
2052,cg03359067
2053,cg17983430
2054,cg03819767
2055,cg24543140
2056,cg01164316
2057,cg25103043
2058,cg23039425
2059,cg13055338
2060,cg20219641
2061,cg02723908
2062,cg16112198
2063,cg02631626
2064,cg03810282
2065,cg19809575
2066,cg04732279
2067,cg26016432
2068,cg23207954
2069,cg13318540
2070,cg17121254
2071,cg14777352
2072,cg17387979
2073,cg18385852
2074,cg21915523
2075,cg15535896
2076,cg09251967
2077,cg25116839
2078,cg26981746
2079,cg16037139
2080,cg10379704
2081,cg11359466
2082,cg19418162
2083,cg18286937
2084,cg24335713
2085,cg19318707
2086,cg04771146
2087,cg25721006
2088,cg02850877
2089,cg00350932
2090,cg18659719
2091,cg09309537
2092,cg23476262
2093,cg03298167
2094,cg07776701
2095,cg13180375
2096,cg01926326
2097,cg12552770
2098,cg01866960
2099,cg03435901
2100,cg05963100
2101,cg19662677
2102,cg14413374
2103,cg11013605
2104,cg08883078
2105,cg06455324
2106,cg20223994
2107,cg15909906
2108,cg02489327
2109,cg00773582
2110,cg06892295
2111,cg06865993
2112,cg20272343
2113,cg14446584
2114,cg12473282
2115,cg22705010
2116,cg03362549
2117,cg10989683
2118,cg07622474
2119,cg08152721
2120,cg10252647
2121,cg22941494
2122,cg06988020
2123,cg15707816
2124,cg07848764
2125,cg14029254
2126,cg20023310
2127,cg25010275
2128,cg18759144
2129,cg01029685
2130,cg11851790
2131,cg24270157
2132,cg17918131
2133,cg03495768
2134,cg20014766
2135,cg21837816
2136,cg19334831
2137,cg16602416
2138,cg02126249
2139,cg02765200
2140,cg08494494
2141,cg13818504
2142,cg07166908
2143,cg22524513
2144,cg01000614
2145,cg08458921
2146,cg14965672
2147,cg19561561
2148,cg01655349
2149,cg13311805
2150,cg15600226
2151,cg23238776
2152,cg25142260
2153,cg07869104
2154,cg01710189
2155,cg26840043
2156,cg11747132
2157,cg11821575
2158,cg10852003
2159,cg03301339
2160,cg25409706
2161,cg08819643
2162,cg14683750
2163,cg12260013
2164,cg15436294
2165,cg00804980
2166,cg19601309
2167,cg24239165
2168,cg11411943
2169,cg25951697
2170,cg21178143
2171,cg08869846
2172,cg03078708
2173,cg08077178
2174,cg24623109
2175,cg02453376
2176,cg05918124
2177,cg04945432
2178,cg00012123
2179,cg09144431
2180,cg17727632
2181,cg05019396
2182,cg02184764
2183,cg03334395
2184,cg08596608
2185,cg14778208
2186,cg05707858
2187,cg19759212
2188,cg13126097
2189,cg01591738
2190,cg09310194
2191,cg12643449
2192,cg25334253
2193,cg06943073
2194,cg21109961
2195,cg01474688
2196,cg14977001
2197,cg16377948
2198,cg02362518
2199,cg11088671
2200,cg07034145
2201,cg09732580
2202,cg23825123
2203,cg00835758
2204,cg11028443
2205,cg21692241
2206,cg21256907
2207,cg13551250
2208,cg27231712
2209,cg06971353
2210,cg13957186
2211,cg21005546
2212,cg05465448
2213,cg01625382
2214,cg01754724
2215,cg11012069
2216,cg08047401
2217,cg05439349
2218,cg27555081
2219,cg04090852
2220,cg19411223
2221,cg17271308
2222,cg09856045
2223,cg18967532
2224,cg12744223
2225,cg04811950
2226,cg03227850
2227,cg08426604
2228,cg00815564
2229,cg17651935
2230,cg17011181
2231,cg21960506
2232,cg13206199
2233,cg17739345
2234,cg10427472
2235,cg17337840
2236,cg13767616
2237,cg21359838
2238,cg26476972
2239,cg14496708
2240,cg11444661
2241,cg10424139
2242,cg23834181
2243,cg19726803
2244,cg16533028
2245,cg04651265
2246,cg10229660
2247,cg09979701
2248,cg20076908
2249,cg03324099
2250,cg00574023
2251,cg00629772
2252,cg12768190
2253,cg12126656
2254,cg17059000
2255,cg11975774
2256,cg11869514
2257,cg01215519
2258,cg14052289
2259,cg09394134
2260,cg03881867
2261,cg14005657
2262,cg10235569
2263,cg22786154
2264,cg10673226
2265,cg10419342
2266,cg12609577
2267,cg03653374
2268,cg02655365
2269,cg14232344
2270,cg22557012
2271,cg26385913
2272,cg18348616
2273,cg15462332
2274,cg23817866
2275,cg24524716
2276,cg05265985
2277,cg05868449
2278,cg03294277
2279,cg01541725
2280,cg11663585
2281,cg11720490
2282,cg01742248
2283,cg23178782
2284,cg26028702
2285,cg16907294
2286,cg22326601
2287,cg13654344
2288,cg00187128
2289,cg15991434
2290,cg21847848
2291,cg08571340
2292,cg27246335
2293,cg23555496
2294,cg27299387
2295,cg14383327
2296,cg20968290
2297,cg18859776
2298,cg15129071
2299,cg18727946
2300,cg12720583
2301,cg26046487
2302,cg05672930
2303,cg17961200
2304,cg11084449
2305,cg15687303
2306,cg20599375
2307,cg15482884
2308,cg17329676
2309,cg09505745
2310,cg03288751
2311,cg01414738
2312,cg07487078
2313,cg07730077
2314,cg25386129
2315,cg17630264
2316,cg05457734
2317,cg02043659
2318,cg16746677
2319,cg05274765
2320,cg24710749
2321,cg15616006
2322,cg21344680
2323,cg27409073
2324,cg19207921
2325,cg26660177
2326,cg22458939
2327,cg15071029
2328,cg10920342
2329,cg23440389
2330,cg02709343
2331,cg22655274
2332,cg01717482
2333,cg06236987
2334,cg10789486
2335,cg03701469
2336,cg22336863
2337,cg16512227
2338,cg20977853
2339,cg15079569
2340,cg06820364
2341,cg03556986
2342,cg22045253
2343,cg20113820
2344,cg03583975
2345,cg16994693
2346,cg16206013
2347,cg27088421
2348,cg26847616
2349,cg13184811
2350,cg10957370
2351,cg04515987
2352,cg12082130
2353,cg24793642
2354,cg04028306
2355,cg02025860
2356,cg11628017
2357,cg08820785
2358,cg15469624
2359,cg19064941
2360,cg04499455
2361,cg00945698
2362,cg17111042
2363,cg08851376
2364,cg19829276
2365,cg12603865
2366,cg25153755
2367,cg18302315
2368,cg07450887
2369,cg06606539
2370,cg19723926
2371,cg24026146
2372,cg00029163
2373,cg25062003
2374,cg14507637
2375,cg10674847
2376,cg21143188
2377,cg17242751
2378,cg22821444
2379,cg23485066
2380,cg21217941
2381,cg16755235
2382,cg10487247
2383,cg17455208
2384,cg20965748
2385,cg02730008
2386,cg02078199
2387,cg16552926
2388,cg11129060
2389,cg17137203
2390,cg03551377
2391,cg06154657
2392,cg23390607
2393,cg12750394
2394,cg10211118
2395,cg22019360
2396,cg04179587
2397,cg02108769
2398,cg00507055
2399,cg15828454
2400,cg24335252
2401,cg13974578
2402,cg15949433
2403,cg13996186
2404,cg25704368
2405,cg00311963
2406,cg05176759
2407,cg00907668
2408,cg27653491
2409,cg06926874
2410,cg20642580
2411,cg23866866
2412,cg17923485
2413,cg04027040
2414,cg12104098
2415,cg26570714
2416,cg26020483
2417,cg10501096
2418,cg26641676
2419,cg03179979
2420,cg22222965
2421,cg20427171
2422,cg16226436
2423,cg02122981
2424,cg23387623
2425,cg27245312
2426,cg15576245
2427,cg08366828
2428,cg20327083
2429,cg05694328
2430,cg14976054
2431,cg03994477
2432,cg25620500
2433,cg07071096
2434,cg05935576
2435,cg21287757
2436,cg01412037
2437,cg09148704
2438,cg12325071
2439,cg06214728
2440,cg19226577
2441,cg16913343
2442,cg11119879
2443,cg12177936
2444,cg21921571
2445,cg01752530
2446,cg02902672
2447,cg20423064
2448,cg23117497
2449,cg27089966
2450,cg24068032
2451,cg13197349
2452,cg23560659
2453,cg08597434
2454,cg06060201
2455,cg27124420
2456,cg02659701
2457,cg20367539
2458,cg03235179
2459,cg22802296
2460,cg14118662
2461,cg26704522
2462,cg26003165
2463,cg27366998
2464,cg04295473
2465,cg13254688
2466,cg09793269
2467,cg16914352
2468,cg15888935
2469,cg17596316
2470,cg19110327
2471,cg04703696
2472,cg03035657
2473,cg06386711
2474,cg13483727
2475,cg26198854
2476,cg12421794
2477,cg00999469
2478,cg15932613
2479,cg19966595
2480,cg18462173
2481,cg13003513
2482,cg05062694
2483,cg15273954
2484,cg07924176
2485,cg25087057
2486,cg00897805
2487,cg25333818
2488,cg00676506
2489,cg21498511
2490,cg24377204
2491,cg01644972
2492,cg08680991
2493,cg03132727
2494,cg16314982
2495,cg24523306
2496,cg19408449
2497,cg04982938
2498,cg09385306
2499,cg02949296
2500,cg11081406
2501,cg25711289
2502,cg26270362
2503,cg07028469
2504,cg15488736
2505,cg20005848
2506,cg10760746
2507,cg13152177
2508,cg05964935
2509,cg23651585
2510,cg07039451
2511,cg27030917
2512,cg04576441
2513,cg00013952
2514,cg22530157
2515,cg23764016
2516,cg14298224
2517,cg08172177
2518,cg13443046
2519,cg06074210
2520,cg06014899
2521,cg15080433
2522,cg15535380
2523,cg01863109
2524,cg14187777
2525,cg17776881
2526,cg05163663
2527,cg14888864
2528,cg15908236
2529,cg13298953
2530,cg14272967
2531,cg17365146
2532,cg25956248
2533,cg17554194
2534,cg20757478
2535,cg15184353
2536,cg24680791
2537,cg04831594
2538,cg12588653
2539,cg01201054
2540,cg26901661
2541,cg01451973
2542,cg04645024
2543,cg02725420
2544,cg10099275
2545,cg20828149
2546,cg16396844
2547,cg09748856
2548,cg03330522
2549,cg01065169
2550,cg10057546
2551,cg09461494
2552,cg03769088
2553,cg03768569
2554,cg01492377
2555,cg19957509
2556,cg01389693
2557,cg22144937
2558,cg09228985
2559,cg06061185
2560,cg16054606
2561,cg08140258
2562,cg08924674
2563,cg19949142
2564,cg26050798
2565,cg11091623
2566,cg07035510
2567,cg13494826
2568,cg21992857
2569,cg02570900
2570,cg11463057
2571,cg14834300
2572,cg11204897
2573,cg24071620
2574,cg08413188
2575,cg07765982
2576,cg22495488
2577,cg05486891
2578,cg16382336
2579,cg15494827
2580,cg09247361
2581,cg03714916
2582,cg27545697
2583,cg07182955
2584,cg25712398
2585,cg09264206
2586,cg14904299
2587,cg25029696
2588,cg08031014
2589,cg20008763
2590,cg18144552
2591,cg16055189
2592,cg16236952
2593,cg08392746
2594,cg11225091
2595,cg18660106
2596,cg00876332
2597,cg21053224
2598,cg01099072
2599,cg25692530
2600,cg17307615
2601,cg19873149
2602,cg26866625
2603,cg12374770
2604,cg05565979
2605,cg27152898
2606,cg14676529
2607,cg24302146
2608,cg01973844
2609,cg12114260
2610,cg27560690
2611,cg11876888
2612,cg18584143
2613,cg16523443
2614,cg19246545
2615,cg24349074
2616,cg06573709
2617,cg09970125
2618,cg18214315
2619,cg02152606
2620,cg22011557
2621,cg23255628
2622,cg10769535
2623,cg10312158
2624,cg20608847
2625,cg14795609
2626,cg22015585
2627,cg05954446
2628,cg09819502
2629,cg26958509
2630,cg11417212
2631,cg16479707
2632,cg09341389
2633,cg05802648
2634,cg03880332
2635,cg12708239
2636,cg00381473
2637,cg01395581
2638,cg01110291
2639,cg24322535
2640,cg04927098
2641,cg05542101
2642,cg15293181
2643,cg22551062
2644,cg12256049
2645,cg21241829
2646,cg07306263
2647,cg25079460
2648,cg02074501
2649,cg20104384
2650,cg12202185
2651,cg15662272
2652,cg18134148
2653,cg15446806
2654,cg11223730
2655,cg12547033
2656,cg01828223
2657,cg13481032
2658,cg15032048
2659,cg25026580
2660,cg01369924
2661,cg18116036
2662,cg01009586
2663,cg05215521
2664,cg11986875
2665,cg11261447
2666,cg18029202
2667,cg21002958
2668,cg06399342
2669,cg20142682
2670,cg04585475
2671,cg20282533
2672,cg25919485
2673,cg10444733
2674,cg25949529
2675,cg10144558
2676,cg22681495
2677,cg09773990
2678,cg01846753
2679,cg04743872
2680,cg16097834
2681,cg02512888
2682,cg10005146
2683,cg13738068
2684,cg22365757
2685,cg22100307
2686,cg00098686
2687,cg19612004
2688,cg06776294
2689,cg09222892
2690,cg10473022
2691,cg23089491
2692,cg24616089
2693,cg25306960
2694,cg17430262
2695,cg09996633
2696,cg15003110
2697,cg04908254
2698,cg22277966
2699,cg27513585
2700,cg03779878
2701,cg14013659
2702,cg17021099
2703,cg00700117
2704,cg06546787
2705,cg16349594
2706,cg22777560
2707,cg13933122
2708,cg09243359
2709,cg00981236
2710,cg26419469
2711,cg21150892
2712,cg15314470
2713,cg04790916
2714,cg00367632
2715,cg08702825
2716,cg01402569
2717,cg09708852
2718,cg05392610
2719,cg09630314
2720,cg07180616
2721,cg05367916
2722,cg05831237
2723,cg01193159
2724,cg13282427
2725,cg16002509
2726,cg20844060
2727,cg13913985
2728,cg24964457
2729,cg26703205
2730,cg00382865
2731,cg20855044
2732,cg14814018
2733,cg17550100
2734,cg25922666
2735,cg24186179
2736,cg24699083
2737,cg03227991
2738,cg15066529
2739,cg09480417
2740,cg16560909
2741,cg21603534
2742,cg10891570
2743,cg08695784
2744,cg12034963
2745,cg02293493
2746,cg23497396
2747,cg14931215
2748,cg20721322
2749,cg15018620
2750,cg15378579
2751,cg19532132
2752,cg12062661
2753,cg19459049
2754,cg03426037
2755,cg25943481
2756,cg17867672
2757,cg27401196
2758,cg11279080
2759,cg01630765
2760,cg04898932
2761,cg27055657
2762,cg10823322
2763,cg08782420
2764,cg11210443
2765,cg14203617
2766,cg17910071
2767,cg25272900
2768,cg07805383
2769,cg07733057
2770,cg05434324
2771,cg15510170
2772,cg14108414
2773,cg14989105
2774,cg02262585
2775,cg13121213
2776,cg13203009
2777,cg05160251
2778,cg21153342
2779,cg16608006
2780,cg00145055
2781,cg15841438
2782,cg11025911
2783,cg20598235
2784,cg03552929
2785,cg12839136
2786,cg21269259
2787,cg27640988
2788,cg04272684
2789,cg04843517
2790,cg22243606
2791,cg18500967
2792,cg21465061
2793,cg21702820
2794,cg20499101
2795,cg03066655
2796,cg14752911
2797,cg07372659
2798,cg07646480
2799,cg19871348
2800,cg19119365
2801,cg00326648
2802,cg01197751
2803,cg14146491
2804,cg24918622
2805,cg02628826
2806,cg08087095
2807,cg05637194
2808,cg21041515
2809,cg04514463
2810,cg07318500
2811,cg06333834
2812,cg14732654
2813,cg27473162
2814,cg05408674
2815,cg14974622
2816,cg06237805
2817,cg14972466
2818,cg20436028
2819,cg19686059
2820,cg26967154
2821,cg00256329
2822,cg00748253
2823,cg18081287
2824,cg09078466
2825,cg21323039
2826,cg16637584
2827,cg17283240
2828,cg05194532
2829,cg10261117
2830,cg03398919
2831,cg20288337
2832,cg22273589
2833,cg27509540
2834,cg02189025
2835,cg20322104
2836,cg22731237
2837,cg07442889
2838,cg23078254
2839,cg16441627
2840,cg20700869
2841,cg09072756
2842,cg17221508
2843,cg11124608
2844,cg21495366
2845,cg11740865
2846,cg14838562
2847,cg01984154
2848,cg08084339
2849,cg09226039
2850,cg08595278
2851,cg03032818
2852,cg08959314
2853,cg23741781
2854,cg07451641
2855,cg11906293
2856,cg19202213
2857,cg22453399
2858,cg15137782
2859,cg17683775
2860,cg14011835
2861,cg08106012
2862,cg08475946
2863,cg11205298
2864,cg08940994
2865,cg07100374
2866,cg17988320
2867,cg09272668
2868,cg14658558
2869,cg16661157
2870,cg08119434
2871,cg08440635
2872,cg01960160
2873,cg24915170
2874,cg14245918
2875,cg27512469
2876,cg15116962
2877,cg04817258
2878,cg27394731
2879,cg12438532
2880,cg03607379
2881,cg07850534
2882,cg20077827
2883,cg18409327
2884,cg24935981
2885,cg00636942
2886,cg14872929
2887,cg06576965
2888,cg19933955
2889,cg01760790
2890,cg23291269
2891,cg16886051
2892,cg12600205
2893,cg10336014
2894,cg01548763
2895,cg08909592
2896,cg08015217
2897,cg26724025
2898,cg01529995
2899,cg05301965
2900,cg07924501
2901,cg18000586
2902,cg12500040
2903,cg12100178
2904,cg26409579
2905,cg17349011
2906,cg20824134
2907,cg11725835
2908,cg22616935
2909,cg17757570
2910,cg15319895
2911,cg10027931
2912,cg14718625
2913,cg16534154
2914,cg05815956
2915,cg17851276
2916,cg00022938
2917,cg25550220
2918,cg18369115
2919,cg18867119
2920,cg22857134
2921,cg01479916
2922,cg10100585
2923,cg25488228
2924,cg17717231
2925,cg18166979
2926,cg13805219
2927,cg24472388
2928,cg22506586
2929,cg11964772
2930,cg05051262
2931,cg18808765
2932,cg11660246
2933,cg17748470
2934,cg02466442
2935,cg17418189
2936,cg11028600
2937,cg09408193
2938,cg10306658
2939,cg07376541
2940,cg15853771
2941,cg01225764
2942,cg14035247
2943,cg02047954
2944,cg08613504
2945,cg20678438
2946,cg14667780
2947,cg22573047
2948,cg07863882
2949,cg16516576
2950,cg24173621
2951,cg03503105
2952,cg01406416
2953,cg08973053
2954,cg03229772
2955,cg08361539
2956,cg20447485
2957,cg12730287
2958,cg13879807
2959,cg00766664
2960,cg22992816
2961,cg16790868
2962,cg26319745
2963,cg19746825
2964,cg08250825
2965,cg07233446
2966,cg05504986
2967,cg05530472
2968,cg01058253
2969,cg18026995
2970,cg05954567
2971,cg11842474
2972,cg06938478
2973,cg00512739
2974,cg14497487
2975,cg03960090
2976,cg09767041
2977,cg13528008
2978,cg11412605
2979,cg11286926
2980,cg20047297
2981,cg04872573
2982,cg11786848
2983,cg17020070
2984,cg11735079
2985,cg23931088
2986,cg19523639
2987,cg22211899
2988,cg09312897
2989,cg27010449
2990,cg25204200
2991,cg21938029
2992,cg06636270
2993,cg05874329
2994,cg13138847
2995,cg25455334
2996,cg00105080
2997,cg05110561
2998,cg17808132
2999,cg15020175
3000,cg08853277
3001,cg20053366
3002,cg10251456
3003,cg11395180
3004,cg02559299
3005,cg13959207
3006,cg03535417
3007,cg18455081
3008,cg14373597
3009,cg02279953
3010,cg13815351
3011,cg16911845
3012,cg17700087
3013,cg02617834
3014,cg16988103
3015,cg27248959
3016,cg07785144
3017,cg26167186
3018,cg18845598
3019,cg13210566
3020,cg21732824
3021,cg26801880
3022,cg23810434
3023,cg22362386
3024,cg17816615
3025,cg02129146
3026,cg23509850
3027,cg13101948
3028,cg06180910
3029,cg19160380
3030,cg00597723
3031,cg15620908
3032,cg13620691
3033,cg20611115
3034,cg02354913
3035,cg01114486
3036,cg15468799
3037,cg19591490
3038,cg11764735
3039,cg20860792
3040,cg05943135
3041,cg23368159
3042,cg20900466
3043,cg25737992
3044,cg01700220
3045,cg13262723
3046,cg00705004
3047,cg15440402
3048,cg03844730
3049,cg06039609
3050,cg04024781
3051,cg11830755
3052,cg22416262
3053,cg00819121
3054,cg01889448
3055,cg05053121
3056,cg05276972
3057,cg07214311
3058,cg23019611
3059,cg21432801
3060,cg07718041
3061,cg02235255
3062,cg07116010
3063,cg11488168
3064,cg11603552
3065,cg04378659
3066,cg23070318
3067,cg00387224
3068,cg16558327
3069,cg03026817
3070,cg04314100
3071,cg03213204
3072,cg13635052
3073,cg21797762
3074,cg10001654
3075,cg07456370
3076,cg26569502
3077,cg18195337
3078,cg19655613
3079,cg10217052
3080,cg11545307
3081,cg03132936
3082,cg07341883
3083,cg22173637
3084,cg21627980
3085,cg09393846
3086,cg16882323
3087,cg24653707
3088,cg04691144
3089,cg16658156
3090,cg01080540
3091,cg06911258
3092,cg01717455
3093,cg00116583
3094,cg09059153
3095,cg06017775
3096,cg03521252
3097,cg04721202
3098,cg23923019
3099,cg05187542
3100,cg07610825
3101,cg14195952
3102,cg20501018
3103,cg11663482
3104,cg02726398
3105,cg03452581
3106,cg02399049
3107,cg14332066
3108,cg13823439
3109,cg27403073
3110,cg01936472
3111,cg20827804
3112,cg02847425
3113,cg12902410
3114,cg27142884
3115,cg01889779
3116,cg26015591
3117,cg10721586
3118,cg11886220
3119,cg17132607
3120,cg02654939
3121,cg21105916
3122,cg04599297
3123,cg26258077
3124,cg23414024
3125,cg24778568
3126,cg01667144
3127,cg19999142
3128,cg10971933
3129,cg04238896
3130,cg15700967
3131,cg17595116
3132,cg27128560
3133,cg21970086
3134,cg07641578
3135,cg22090544
3136,cg12008619
3137,cg15849038
3138,cg14629397
3139,cg15547764
3140,cg19690193
3141,cg02034706
3142,cg07056314
3143,cg26081618
3144,cg00564790
3145,cg21357944
3146,cg10723869
3147,cg11089291
3148,cg11531492
3149,cg08109669
3150,cg07274720
3151,cg15123497
3152,cg06133626
3153,cg17150749
3154,cg14581630
3155,cg04501263
3156,cg08816194
3157,cg22392857
3158,cg00741259
3159,cg16649049
3160,cg27254225
3161,cg18410384
3162,cg14128857
3163,cg21890648
3164,cg18954658
3165,cg10718625
3166,cg22542451
3167,cg15102841
3168,cg08177536
3169,cg02904015
3170,cg06446551
3171,cg15340172
3172,cg15806890
3173,cg22349483
3174,cg21258551
3175,cg07388184
3176,cg25540806
3177,cg00259849
3178,cg01597779
3179,cg13288599
3180,cg16053437
3181,cg09399439
3182,cg19493134
3183,cg09449123
3184,cg14003320
3185,cg01769525
3186,cg21255796
3187,cg08072119
3188,cg02516943
3189,cg07152320
3190,cg00445202
3191,cg08341589
3192,cg05336579
3193,cg00030918
3194,cg08968997
3195,cg18906028
3196,cg05822984
3197,cg24232932
3198,cg01613954
3199,cg03594006
3200,cg24256039
3201,cg25085708
3202,cg17438114
3203,cg09493985
3204,cg14541670
3205,cg15748376
3206,cg17660627
3207,cg16415999
3208,cg18786012
3209,cg02518129
3210,cg15217542
3211,cg18444723
3212,cg04154526
3213,cg13615966
3214,cg07995225
3215,cg14366117
3216,cg23011602
3217,cg15568035
3218,cg13917356
3219,cg00886748
3220,cg19740984
3221,cg08758387
3222,cg22973236
3223,cg11141830
3224,cg24186208
3225,cg16396396
3226,cg21556998
3227,cg08950945
3228,cg17234888
3229,cg26890676
3230,cg10268414
3231,cg09916763
3232,cg25051134
3233,cg13576452
3234,cg06293861
3235,cg03407412
3236,cg11033227
3237,cg04608779
3238,cg03331344
3239,cg17280172
3240,cg14057750
3241,cg18288337
3242,cg02994302
3243,cg09625195
3244,cg12480489
3245,cg07676420
3246,cg04714058
3247,cg19855037
3248,cg10351151
3249,cg22748852
3250,cg06861209
3251,cg11900753
3252,cg27100953
3253,cg16191875
3254,cg14346075
3255,cg03240727
3256,cg13169954
3257,cg06614118
3258,cg25249050
3259,cg17743850
3260,cg07378239
3261,cg08736526
3262,cg12944573
3263,cg10536901
3264,cg04683612
3265,cg24279140
3266,cg07261924
3267,cg20763786
3268,cg08641535
3269,cg14356304
3270,cg14802310
3271,cg14141799
3272,cg03655752
3273,cg06595448
3274,cg15928137
3275,cg19081359
3276,cg02937794
3277,cg11680772
3278,cg20241551
3279,cg12788672
3280,cg06817312
3281,cg25281824
3282,cg22485926
3283,cg21792760
3284,cg21075783
3285,cg06639609
3286,cg23390381
3287,cg13232999
3288,cg23003138
3289,cg01766063
3290,cg24710480
3291,cg06850143
3292,cg18693889
3293,cg00576421
3294,cg14412160
3295,cg14179934
3296,cg15163887
3297,cg22836409
3298,cg14954944
3299,cg25667057
3300,cg21066599
3301,cg27194219
3302,cg01457699
3303,cg16112264
3304,cg17997285
3305,cg22727790
3306,cg25140451
3307,cg01426558
3308,cg23287894
3309,cg07214285
3310,cg09110662
3311,cg06805914
3312,cg15803092
3313,cg27471061
3314,cg21037446
3315,cg22940655
3316,cg26913033
3317,cg20472016
3318,cg23721711
3319,cg01404063
3320,cg07494820
3321,cg17134700
3322,cg09112201
3323,cg26273185
3324,cg07290796
3325,cg13133297
3326,cg08119722
3327,cg00151102
3328,cg15858165
3329,cg23824663
3330,cg09705622
3331,cg05617918
3332,cg16085754
3333,cg25249362
3334,cg02235871
3335,cg11846372
3336,cg25459295
3337,cg09984813
3338,cg21901928
3339,cg04021548
3340,cg20585500
3341,cg27129755
3342,cg20092621
3343,cg03493899
3344,cg12990918
3345,cg24729699
3346,cg16170636
3347,cg05058762
3348,cg02002719
3349,cg13469720
3350,cg22232915
3351,cg02443896
3352,cg12811101
3353,cg05260703
3354,cg05725127
3355,cg25097273
3356,cg24948711
3357,cg04244493
3358,cg03529050
3359,cg10109331
3360,cg00761830
3361,cg24481207
3362,cg00190713
3363,cg04330213
3364,cg15718595
3365,cg04560372
3366,cg07055479
3367,cg00582557
3368,cg19678937
3369,cg19954363
3370,cg08782697
3371,cg24684709
3372,cg02464808
3373,cg24028694
3374,cg07979524
3375,cg22403534
3376,cg16794291
3377,cg19618100
3378,cg09381333
3379,cg14948173
3380,cg12524910
3381,cg02827576
3382,cg24811777
3383,cg02402208
3384,cg22556943
3385,cg25826013
3386,cg09423735
3387,cg02272584
3388,cg13908244
3389,cg14473575
3390,cg20454198
3391,cg20573702
3392,cg15865722
3393,cg19330204
3394,cg02598742
3395,cg00027454
3396,cg00512136
3397,cg13081109
3398,cg15686183
3399,cg25387578
3400,cg16099839
3401,cg05275603
3402,cg07523188
3403,cg24087145
3404,cg08159412
3405,cg01830695
3406,cg19306317
3407,cg17057647
3408,cg00221775
3409,cg20364531
3410,cg10009194
3411,cg17924341
3412,cg19189010
3413,cg25432306
3414,cg23502386
3415,cg18315861
3416,cg00518205
3417,cg04064200
3418,cg21414905
3419,cg26392703
3420,cg21772793
3421,cg01944185
3422,cg24470466
3423,cg07585558
3424,cg25661961
3425,cg23353828
3426,cg00320861
3427,cg20653311
3428,cg15706577
3429,cg00139234
3430,cg12956890
3431,cg17740850
3432,cg18462033
3433,cg10958254
3434,cg20193038
3435,cg21081239
3436,cg14400088
3437,cg03462944
3438,cg09728865
3439,cg11066566
3440,cg01761618
3441,cg11784196
3442,cg22896071
3443,cg09598057
3444,cg01633359
3445,cg03851946
3446,cg23007425
3447,cg16928427
3448,cg16264980
3449,cg27414370
3450,cg17987666
3451,cg04294866
3452,cg06359892
3453,cg26979408
3454,cg16508182
3455,cg02088197
3456,cg01438711
3457,cg05013337
3458,cg07891761
3459,cg13631966
3460,cg22537859
3461,cg25032424
3462,cg20441661
3463,cg23305991
3464,cg23923357
3465,cg21451117
3466,cg05970080
3467,cg23957735
3468,cg25335595
3469,cg18443559
3470,cg17560699
3471,cg08853008
3472,cg01252517
3473,cg19025091
3474,cg06394445
3475,cg00352417
3476,cg17493526
3477,cg20494215
3478,cg00303108
3479,cg25576961
3480,cg06681766
3481,cg05812602
3482,cg06502680
3483,cg08593141
3484,cg03416979
3485,cg20978680
3486,cg27183027
3487,cg05648010
3488,cg14214233
3489,cg01553548
3490,cg02783661
3491,cg15098922
3492,cg26531700
3493,cg13026439
3494,cg08926077
3495,cg23888321
3496,cg00201142
3497,cg09365792
3498,cg11708088
3499,cg01914365
3500,cg03760638
3501,cg06538278
3502,cg05557315
3503,cg15480237
3504,cg06371647
3505,cg17807279
3506,cg00277065
3507,cg14598522
3508,cg12148898
3509,cg12631932
3510,cg20676896
3511,cg22667205
3512,cg20287328
3513,cg25362900
3514,cg26099738
3515,cg21760496
3516,cg10126720
3517,cg07693835
3518,cg04777551
3519,cg20939301
3520,cg02433460
3521,cg25016143
3522,cg05901972
3523,cg10691859
3524,cg08288033
3525,cg25815185
3526,cg15741663
3527,cg00747352
3528,cg26607042
3529,cg04683479
3530,cg12146009
3531,cg07724668
3532,cg06587955
3533,cg24049565
3534,cg24240501
3535,cg09086168
3536,cg17758992
3537,cg14756463
3538,cg08052848
3539,cg23253243
3540,cg27392904
3541,cg09310516
3542,cg05773495
3543,cg18677330
3544,cg03523183
3545,cg09466176
3546,cg13746184
3547,cg03039801
3548,cg02229856
3549,cg26586163
3550,cg03601053
3551,cg14809906
3552,cg07514156
3553,cg23160136
3554,cg01571766
3555,cg23209955
3556,cg00591898
3557,cg23516788
3558,cg06237128
3559,cg00079566
3560,cg26410415
3561,cg13499810
3562,cg24355550
3563,cg20963263
3564,cg24363673
3565,cg20594841
3566,cg23719877
3567,cg21161590
3568,cg04198567
3569,cg27380525
3570,cg26921504
3571,cg15400074
3572,cg06178934
3573,cg12589350
3574,cg14802011
3575,cg12597325
3576,cg03147441
3577,cg18184895
3578,cg11991151
3579,cg15491263
3580,cg00749520
3581,cg15847240
3582,cg23200682
3583,cg02264416
3584,cg21692434
3585,cg18220841
3586,cg07251540
3587,cg25330599
3588,cg20332756
3589,cg19163396
3590,cg06476934
3591,cg25257044
3592,cg22027887
3593,cg03038615
3594,cg10593480
3595,cg09690321
3596,cg01904912
3597,cg02579581
3598,cg26760927
3599,cg00104098
3600,cg21039930
3601,cg05344046
3602,cg05995254
3603,cg23316777
3604,cg26983360
3605,cg22010271
3606,cg06596097
3607,cg16620765
3608,cg20697683
3609,cg16457430
3610,cg04282258
3611,cg27224192
3612,cg19233127
3613,cg07115051
3614,cg05392160
3615,cg18092477
3616,cg02568347
3617,cg27371451
3618,cg09921548
3619,cg16818357
3620,cg09160330
3621,cg03187668
3622,cg05563022
3623,cg13779327
3624,cg16820901
3625,cg19310612
3626,cg12015991
3627,cg19523166
3628,cg01916664
3629,cg10356706
3630,cg13281176
3631,cg03430010
3632,cg12072320
3633,cg21442271
3634,cg24456616
3635,cg10561989
3636,cg13956518
3637,cg13173739
3638,cg23858869
3639,cg12773057
3640,cg18168924
3641,cg04331604
3642,cg13530263
3643,cg02575605
3644,cg14783059
3645,cg15013341
3646,cg02605800
3647,cg08773238
3648,cg24586582
3649,cg12097831
3650,cg18671093
3651,cg17323984
3652,cg16908234
3653,cg19010136
3654,cg00399895
3655,cg09208162
3656,cg10905987
3657,cg07068354
3658,cg20983548
3659,cg18137942
3660,cg20845461
3661,cg13257430
3662,cg04062868
3663,cg01974213
3664,cg25127730
3665,cg22799396
3666,cg17156349
3667,cg22362505
3668,cg12833414
3669,cg18651143
3670,cg25435819
3671,cg15296799
3672,cg16429499
3673,cg02764183
3674,cg18145666
3675,cg05362314
3676,cg19138649
3677,cg22805356
3678,cg17866165
3679,cg02139480
3680,cg21575235
3681,cg24802318
3682,cg09374521
3683,cg00071863
3684,cg16577979
3685,cg18356634
3686,cg17863337
3687,cg25671164
3688,cg15368832
3689,cg06640099
3690,cg03953193
3691,cg04628393
3692,cg04234574
3693,cg06499010
3694,cg01204709
3695,cg00640090
3696,cg02968570
3697,cg15955354
3698,cg24224084
3699,cg20313807
3700,cg01648504
3701,cg12701865
3702,cg22787186
3703,cg06231362
3704,cg02536838
3705,cg03141074
3706,cg04864955
3707,cg18969175
3708,cg02294838
3709,cg25074866
3710,cg10080013
3711,cg06634917
3712,cg16019721
3713,cg09412344
3714,cg12395926
3715,cg09797202
3716,cg15469284
3717,cg14890660
3718,cg25458600
3719,cg26441104
3720,cg15951199
3721,cg20401549
3722,cg10239257
3723,cg23506331
3724,cg14780957
3725,cg06305951
3726,cg19632822
3727,cg21337411
3728,cg10485147
3729,cg12360854
3730,cg15197499
3731,cg00488012
3732,cg00079898
3733,cg15851958
3734,cg20847165
3735,cg15967253
3736,cg22830633
3737,cg03844714
3738,cg25191416
3739,cg09508140
3740,cg12351889
3741,cg13301051
3742,cg09847357
3743,cg21238876
3744,cg16228451
3745,cg02842922
3746,cg14683727
3747,cg23850317
3748,cg16614778
3749,cg00297966
3750,cg27160931
3751,cg10312150
3752,cg19059132
3753,cg15627300
3754,cg01082288
3755,cg05755219
3756,cg01778345
3757,cg15519318
3758,cg05393828
3759,cg04937939
3760,cg26928789
3761,cg23008518
3762,cg27076193
3763,cg14926231
3764,cg22580483
3765,cg21029705
3766,cg03589348
3767,cg02071806
3768,cg00915663
3769,cg14818653
3770,cg10172760
3771,cg21635219
3772,cg14676242
3773,cg03591565
3774,cg00780971
3775,cg25815806
3776,cg25771369
3777,cg27143132
3778,cg09137263
3779,cg20220034
3780,cg25101462
3781,cg12897690
3782,cg05847731
3783,cg17241353
3784,cg17232322
3785,cg11796910
3786,cg27494055
3787,cg00871204
3788,cg16999099
3789,cg20418715
3790,cg20085603
3791,cg15825171
3792,cg20951645
3793,cg08925551
3794,cg01828798
3795,cg11148296
3796,cg19198567
3797,cg03741892
3798,cg03398447
3799,cg00561395
3800,cg18163559
3801,cg01272498
3802,cg24991732
3803,cg26446436
3804,cg14295659
3805,cg11545402
3806,cg06791973
3807,cg09419185
3808,cg14226202
3809,cg23116710
3810,cg00645078
3811,cg13419214
3812,cg03855028
3813,cg10572221
3814,cg04371981
3815,cg18301369
3816,cg20474604
3817,cg05355184
3818,cg07705327
3819,cg12439251
3820,cg26999558
3821,cg07425431
3822,cg01289112
3823,cg07875985
3824,cg05979682
3825,cg20668017
3826,cg22738907
3827,cg14117320
3828,cg27156840
3829,cg18563852
3830,cg11774650
3831,cg08160949
3832,cg20080590
3833,cg07639198
3834,cg02056924
3835,cg11882601
3836,cg20418101
3837,cg09458398
3838,cg11245365
3839,cg21422930
3840,cg03782827
3841,cg03945408
3842,cg12852430
3843,cg04559159
3844,cg12108278
3845,cg26096605
3846,cg03370998
3847,cg02601082
3848,cg26824782
3849,cg24304623
3850,cg07086770
3851,cg04528326
3852,cg03094728
3853,cg09617370
3854,cg04974804
3855,cg17768888
3856,cg26536958
3857,cg15268162
3858,cg21032477
3859,cg11825642
3860,cg16858433
3861,cg21798136
3862,cg22215994
3863,cg03398989
3864,cg12852500
3865,cg04617043
3866,cg14555649
3867,cg14067425
3868,cg20994372
3869,cg14463736
3870,cg20701987
3871,cg14303457
3872,cg18128357
3873,cg01053894
3874,cg06649792
3875,cg23969005
3876,cg09829904
3877,cg12797548
3878,cg13804575
3879,cg00339240
3880,cg17305215
3881,cg03259984
3882,cg03845337
3883,cg17557172
3884,cg03671360
3885,cg16422892
3886,cg08346443
3887,cg14226754
3888,cg11882358
3889,cg12499416
3890,cg17164117
3891,cg24884230
3892,cg00483407
3893,cg08268047
3894,cg05107468
3895,cg06305777
3896,cg27514105
3897,cg14307563
3898,cg23332027
3899,cg07801032
3900,cg23903723
3901,cg20552635
3902,cg15174972
3903,cg19807476
3904,cg19899194
3905,cg12545946
3906,cg19594252
3907,cg27325772
3908,cg27260495
3909,cg17403863
3910,cg16313663
3911,cg04514745
3912,cg04258514
3913,cg09240767
3914,cg16584557
3915,cg18128636
3916,cg14705391
3917,cg26349707
3918,cg18617318
3919,cg06607022
3920,cg10155158
3921,cg09823091
3922,cg13116946
3923,cg23759400
3924,cg17310354
3925,cg00273257
3926,cg18702104
3927,cg24669364
3928,cg06461841
3929,cg16835955
3930,cg23364541
3931,cg08535510
3932,cg08452699
3933,cg07217753
3934,cg20229555
3935,cg08708231
3936,cg04009816
3937,cg17002338
3938,cg14294953
3939,cg00380209
3940,cg02661831
3941,cg24518824
3942,cg19820298
3943,cg13347874
3944,cg27442315
3945,cg23746283
3946,cg22673542
3947,cg18080106
3948,cg19983759
3949,cg10062123
3950,cg01565322
3951,cg10281280
3952,cg13618458
3953,cg09330012
3954,cg18204732
3955,cg02363809
3956,cg00923719
3957,cg08126211
3958,cg11393028
3959,cg05727666
3960,cg06855731
3961,cg10735847
3962,cg24832092
3963,cg05378695
3964,cg13348068
3965,cg26275961
3966,cg25361092
3967,cg27365571
3968,cg09588434
3969,cg01160409
3970,cg16017181
3971,cg01804757
3972,cg11293869
3973,cg01474866
3974,cg11678767
3975,cg13952522
3976,cg14957850
3977,cg10115032
3978,cg17130251
3979,cg12686777
3980,cg22715629
3981,cg08433110
3982,cg03578022
3983,cg08010180
3984,cg19996313
3985,cg21658164
3986,cg14414949
3987,cg18397994
3988,cg06288402
3989,cg20144066
3990,cg14908122
3991,cg24674628
3992,cg04495500
3993,cg02683668
3994,cg01171696
3995,cg24713494
3996,cg20830941
3997,cg08060988
3998,cg20083297
3999,cg10291276
4000,cg23657045
4001,cg26753038
4002,cg12523461
4003,cg10614416
4004,cg01549082
4005,cg23423910
4006,cg01247301
4007,cg05524765
4008,cg16912009
4009,cg05314054
4010,cg02088292
4011,cg13704845
4012,cg15421338
4013,cg26414417
4014,cg09419843
4015,cg07400852
4016,cg01617955
4017,cg25153894
4018,cg03312406
4019,cg00813093
4020,cg09668218
4021,cg09039003
4022,cg05840834
4023,cg07389750
4024,cg22487198
4025,cg10040125
4026,cg14330919
4027,cg01715830
4028,cg04551914
4029,cg12091645
4030,cg09915261
4031,cg03067661
4032,cg05921185
4033,cg08677369
4034,cg10669257
4035,cg22084841
4036,cg00703299
4037,cg09518308
4038,cg24211476
4039,cg27611887
4040,cg19424724
4041,cg12268003
4042,cg20456795
4043,cg03951335
4044,cg00046623
4045,cg04936872
4046,cg03288942
4047,cg02751109
4048,cg00903453
4049,cg17626965
4050,cg15994137
4051,cg03758171
4052,cg18265118
4053,cg10770662
4054,cg15849275
4055,cg07383357
4056,cg04198107
4057,cg06628792
4058,cg02829712
4059,cg19281347
4060,cg14927083
4061,cg20256738
4062,cg18537979
4063,cg09561213
4064,cg01778565
4065,cg22736335
4066,cg18956356
4067,cg09855735
4068,cg21292592
4069,cg16141839
4070,cg12268400
4071,cg10506445
4072,cg02420003
4073,cg13106476
4074,cg17660041
4075,cg10989926
4076,cg21836699
4077,cg08603296
4078,cg06411199
4079,cg22591200
4080,cg16596924
4081,cg14618678
4082,cg08449487
4083,cg18916517
4084,cg22112152
4085,cg00409021
4086,cg06216505
4087,cg01828919
4088,cg12952042
4089,cg01523029
4090,cg21738464
4091,cg06254044
4092,cg11829923
4093,cg03839297
4094,cg18058072
4095,cg07881040
4096,cg20210641
4097,cg13078620
4098,cg10188991
4099,cg09111525
4100,cg03352006
4101,cg22366877
4102,cg04644878
4103,cg07220450
4104,cg07200817
4105,cg04240329
4106,cg25430753
4107,cg13078598
4108,cg14116693
4109,cg05291233
4110,cg21180010
4111,cg16997375
4112,cg04950762
4113,cg04060288
4114,cg10121097
4115,cg05265951
4116,cg00009352
4117,cg00475988
4118,cg21342442
4119,cg18931977
4120,cg15276228
4121,cg10067523
4122,cg12933897
4123,cg04011386
4124,cg03121124
4125,cg22371052
4126,cg18420655
4127,cg18381525
4128,cg09372105
4129,cg26782105
4130,cg08217388
4131,cg14737079
4132,cg20649265
4133,cg24678972
4134,cg25098382
4135,cg18000508
4136,cg09365758
4137,cg21375281
4138,cg19273712
4139,cg01898770
4140,cg06279159
4141,cg20627509
4142,cg04548490
4143,cg13982436
4144,cg08392360
4145,cg06337541
4146,cg06756125
4147,cg01937505
4148,cg06676585
4149,cg07391998
4150,cg03494607
4151,cg00103243
4152,cg20475085
4153,cg14799809
4154,cg02884332
4155,cg06388544
4156,cg10937300
4157,cg02634187
4158,cg10698654
4159,cg06983735
4160,cg18085787
4161,cg07460502
4162,cg02500259
4163,cg27304856
4164,cg15482351
4165,cg16565667
4166,cg26255661
4167,cg15578037
4168,cg22160300
4169,cg27000163
4170,cg13305245
4171,cg20547275
4172,cg04605625
4173,cg01608962
4174,cg04229575
4175,cg14288249
4176,cg21268256
4177,cg05624478
4178,cg27107893
4179,cg02589406
4180,cg16817435
4181,cg13393604
4182,cg03244650
4183,cg20298115
4184,cg20764275
4185,cg05401575
4186,cg08463633
4187,cg11894972
4188,cg20434599
4189,cg22157494
4190,cg14072171
4191,cg01661582
4192,cg16325326
4193,cg22363511
4194,cg07745147
4195,cg21211453
4196,cg23183057
4197,cg14818609
4198,cg14564638
4199,cg01119286
4200,cg16547625
4201,cg18108865
4202,cg19336448
4203,cg23873200
4204,cg15591384
4205,cg18628686
4206,cg15912814
4207,cg04152040
4208,cg05188645
4209,cg10440602
4210,cg02481176
4211,cg17507646
4212,cg03641366
4213,cg06403830
4214,cg02544752
4215,cg00117961
4216,cg16620263
4217,cg13775050
4218,cg06865724
4219,cg22597914
4220,cg04085423
4221,cg06540606
4222,cg26198575
4223,cg06089892
4224,cg20570330
4225,cg26919254
4226,cg02770728
4227,cg11355340
4228,cg06427702
4229,cg05538645
4230,cg10674583
4231,cg10553219
4232,cg26497631
4233,cg17448954
4234,cg17586305
4235,cg03602215
4236,cg17775965
4237,cg02581752
4238,cg22158415
4239,cg04193779
4240,cg03628909
4241,cg08623623
4242,cg19787070
4243,cg04786990
4244,cg06158646
4245,cg21047532
4246,cg24156816
4247,cg21392220
4248,cg00121626
4249,cg07115108
4250,cg24072140
4251,cg18743951
4252,cg06063541
4253,cg03383178
4254,cg01087729
4255,cg00599377
4256,cg05851396
4257,cg01666817
4258,cg02230774
4259,cg02719489
4260,cg17327157
4261,cg15141401
4262,cg16692538
4263,cg08839831
4264,cg10870009
4265,cg18702575
4266,cg08538416
4267,cg01131999
4268,cg13396038
4269,cg21627759
4270,cg19455034
4271,cg06722086
4272,cg02282118
4273,cg18285382
4274,cg06330673
4275,cg05659313
4276,cg05628847
4277,cg12225220
4278,cg05108668
4279,cg04199023
4280,cg16726519
4281,cg22294319
4282,cg14550528
4283,cg17279142
4284,cg11727381
4285,cg08243951
4286,cg10852201
4287,cg11872370
4288,cg06921319
4289,cg16243402
4290,cg09573929
4291,cg22666875
4292,cg07269319
4293,cg09732984
4294,cg23996696
4295,cg05745104
4296,cg24347508
4297,cg02831700
4298,cg21595920
4299,cg06050608
4300,cg07425847
4301,cg12794151
4302,cg14347203
4303,cg14106721
4304,cg01094580
4305,cg12043158
4306,cg14273923
4307,cg23854219
4308,cg01761653
4309,cg08888175
4310,cg12790645
4311,cg24767317
4312,cg02976672
4313,cg10850260
4314,cg02471078
4315,cg02737747
4316,cg10385522
4317,cg21669438
4318,cg22012079
4319,cg14310877
4320,cg15435143
4321,cg11064524
4322,cg04675184
4323,cg27107292
4324,cg12261681
4325,cg17365896
4326,cg16756660
4327,cg24350826
4328,cg09306707
4329,cg04097388
4330,cg18061134
4331,cg11494358
4332,cg27450971
4333,cg12131641
4334,cg24085171
4335,cg10588688
4336,cg02056294
4337,cg09307518
4338,cg19189806
4339,cg23740067
4340,cg12296724
4341,cg07867206
4342,cg22795218
4343,cg03672679
4344,cg16721348
4345,cg22875345
4346,cg09714595
4347,cg16562709
4348,cg03262473
4349,cg22645624
4350,cg04229294
4351,cg08110606
4352,cg01767268
4353,cg26389052
4354,cg15661432
4355,cg00308367
4356,cg02377704
4357,cg25427143
4358,cg24804197
4359,cg00828713
4360,cg03399137
4361,cg22081327
4362,cg00375389
4363,cg07856408
4364,cg25633983
4365,cg05649077
4366,cg23307136
4367,cg14918591
4368,cg10036802
4369,cg24828582
4370,cg06819082
4371,cg01330831
4372,cg00215431
4373,cg05586384
4374,cg23481251
4375,cg19437126
4376,cg15308688
4377,cg04483277
4378,cg11021362
4379,cg24419602
4380,cg12941588
4381,cg04660446
4382,cg23368332
4383,cg21603812
4384,cg04149381
4385,cg26166879
4386,cg13360540
4387,cg21804649
4388,cg08383544
4389,cg05800118
4390,cg11481460
4391,cg06637027
4392,cg05546381
4393,cg20934650
4394,cg11596302
4395,cg12998508
4396,cg00592233
4397,cg17151385
4398,cg02301514
4399,cg13076269
4400,cg20809511
4401,cg22758714
4402,cg11170468
4403,cg19424094
4404,cg03791826
4405,cg02515491
4406,cg23690216
4407,cg00653960
4408,cg26216971
4409,cg11974480
4410,cg02105393
4411,cg18149672
4412,cg23076688
4413,cg05383619
4414,cg19392200
4415,cg18190286
4416,cg23887878
4417,cg08336457
4418,cg00926650
4419,cg19348688
4420,cg02480692
4421,cg15748240
4422,cg05588352
4423,cg08299859
4424,cg15520688
4425,cg02450666
4426,cg15546632
4427,cg17533780
4428,cg23166047
4429,cg16089031
4430,cg19597114
4431,cg19304913
4432,cg25871387
4433,cg09595415
4434,cg04702845
4435,cg07442260
4436,cg06845811
4437,cg14485212
4438,cg06295495
4439,cg10955144
4440,cg12292578
4441,cg14139947
4442,cg22318415
4443,cg17091733
4444,cg15201688
4445,cg04968197
4446,cg16894943
4447,cg22792587
4448,cg18392381
4449,cg08668544
4450,cg20965962
4451,cg03699194
4452,cg02378862
4453,cg18782088
4454,cg26930269
4455,cg02506100
4456,cg17089062
4457,cg26306052
4458,cg08553803
4459,cg27398271
4460,cg11626609
4461,cg00368414
4462,cg22956547
4463,cg14551616
4464,cg25690905
4465,cg00883225
4466,cg03549208
4467,cg11103489
4468,cg22112712
4469,cg26066438
4470,cg22773954
4471,cg26567012
4472,cg09264632
4473,cg19087530
4474,cg13437410
4475,cg25208881
4476,cg02671109
4477,cg12482564
4478,cg10409414
4479,cg00348166
4480,cg11617231
4481,cg26818699
4482,cg04001997
4483,cg13827017
4484,cg18251859
4485,cg09345077
4486,cg13935394
4487,cg12001977
4488,cg01491962
4489,cg09137291
4490,cg13000185
4491,cg10829024
4492,cg21903706
4493,cg03725491
4494,cg16758325
4495,cg02691903
4496,cg15545861
4497,cg21859756
4498,cg21340024
4499,cg18258236
4500,cg17722441
4501,cg15514311
4502,cg19625397
4503,cg27355713
4504,cg08313893
4505,cg26843218
4506,cg27050584
4507,cg00945860
4508,cg08241953
4509,cg01341698
4510,cg18158419
4511,cg00126995
4512,cg06263731
4513,cg10344373
4514,cg24176797
4515,cg04523249
4516,cg05139923
4517,cg16255988
4518,cg15699121
4519,cg06435926
4520,cg09795903
4521,cg07927909
4522,cg18633134
4523,cg06892728
4524,cg04929633
4525,cg05846741
4526,cg26394233
4527,cg17418252
4528,cg00765828
4529,cg20379319
4530,cg20634054
4531,cg27049594
4532,cg06925185
4533,cg01274266
4534,cg09570894
4535,cg02202377
4536,cg18199266
4537,cg16699528
4538,cg21468252
4539,cg24458874
4540,cg20672999
4541,cg22480773
4542,cg01674752
4543,cg17352816
4544,cg14058698
4545,cg22708188
4546,cg05934557
4547,cg19954427
4548,cg03720510
4549,cg20244846
4550,cg16224321
4551,cg21602651
4552,cg07199536
4553,cg10217736
4554,cg10195768
4555,cg25883027
4556,cg04285389
4557,cg16446041
4558,cg05951042
4559,cg08796997
4560,cg18150287
4561,cg16025186
4562,cg24957099
4563,cg14508379
4564,cg09212448
4565,cg15842006
4566,cg11332694
4567,cg22697555
4568,cg02675432
4569,cg07577294
4570,cg25316336
4571,cg27183311
4572,cg08942192
4573,cg17442807
4574,cg23690053
4575,cg01881838
4576,cg09426333
4577,cg07283714
4578,cg14238671
4579,cg03582294
4580,cg23368410
4581,cg04314575
4582,cg20924006
4583,cg15315711
4584,cg04277055
4585,cg05016779
4586,cg13108328
4587,cg22468974
4588,cg01580574
4589,cg23932782
4590,cg04093458
4591,cg17446583
4592,cg09192101
4593,cg23166181
4594,cg09495738
4595,cg25485106
4596,cg10892950
4597,cg20622859
4598,cg02559822
4599,cg21624697
4600,cg04012986
4601,cg03809827
4602,cg08547350
4603,cg03147713
4604,cg07988415
4605,cg09259926
4606,cg27427295
4607,cg04425604
4608,cg27428480
4609,cg14193607
4610,cg13308744
4611,cg23168566
4612,cg21913997
4613,cg08349114
4614,cg04072850
4615,cg17599110
4616,cg19694134
4617,cg27204614
4618,cg24013293
4619,cg13678412
4620,cg23278033
4621,cg08370748
4622,cg27418280
4623,cg04988180
4624,cg11554617
4625,cg23368104
4626,cg17637777
4627,cg09307193
4628,cg07082484
4629,cg03583084
4630,cg15102027
4631,cg08088670
4632,cg10499189
4633,cg00354692
4634,cg20140657
4635,cg11021000
4636,cg01517002
4637,cg19774767
4638,cg00773446
4639,cg15576436
4640,cg26656764
4641,cg23513203
4642,cg12088497
4643,cg27333297
4644,cg26857712
4645,cg12882327
4646,cg16259859
4647,cg09519602
4648,cg26873832
4649,cg05836555
4650,cg21276620
4651,cg19100002
4652,cg17925226
4653,cg12894431
4654,cg07724896
4655,cg27188079
4656,cg23369455
4657,cg00532778
4658,cg04039547
4659,cg04724700
4660,cg24065304
4661,cg15757924
4662,cg19502243
4663,cg13229816
4664,cg01630717
4665,cg23954274
4666,cg26646249
4667,cg23024553
4668,cg01530633
4669,cg02080274
4670,cg24982344
4671,cg20081082
4672,cg04204897
4673,cg20607416
4674,cg00439230
4675,cg12794939
4676,cg01156508
4677,cg27611757
4678,cg24855744
4679,cg25603173
4680,cg26680506
4681,cg04879995
4682,cg22051787
4683,cg02589822
4684,cg10868949
4685,cg01469864
4686,cg20500783
4687,cg03088642
4688,cg17568448
4689,cg03013230
4690,cg00422975
4691,cg23944902
4692,cg09723679
4693,cg07314829
4694,cg02839514
4695,cg17972491
4696,cg10577585
4697,cg06431433
4698,cg04103432
4699,cg07013069
4700,cg18055987
4701,cg21288325
4702,cg12529653
4703,cg14151065
4704,cg09370380
4705,cg23766887
4706,cg14422500
4707,cg27287281
4708,cg09190968
4709,cg09544535
4710,cg00442570
4711,cg07777042
4712,cg11782516
4713,cg14329157
4714,cg07355593
4715,cg18211755
4716,cg18750909
4717,cg25125469
4718,cg15009752
4719,cg12623396
4720,cg03331659
4721,cg00920864
4722,cg26786976
4723,cg09740414
4724,cg09694986
4725,cg07034012
4726,cg09234453
4727,cg02761375
4728,cg03326823
4729,cg17671982
4730,cg05655221
4731,cg01981108
4732,cg16281109
4733,cg19590115
4734,cg00568345
4735,cg15109916
4736,cg03203114
4737,cg24717262
4738,cg13771612
4739,cg09922808
4740,cg15778107
4741,cg18715193
4742,cg17514168
4743,cg27179710
4744,cg26594697
4745,cg21813567
4746,cg06990358
4747,cg27641771
4748,cg25415829
4749,cg04665049
4750,cg16247017
4751,cg00180644
4752,cg09932403
4753,cg04561852
4754,cg15804774
4755,cg18429921
4756,cg00268455
4757,cg26444908
4758,cg03231326
4759,cg03706128
4760,cg21910673
4761,cg01769715
4762,cg22032017
4763,cg11631325
4764,cg17616590
4765,cg23437993
4766,cg16635176
4767,cg15468755
4768,cg27638509
4769,cg16035285
4770,cg23970630
4771,cg23052520
4772,cg05973688
4773,cg22185847
4774,cg19185907
4775,cg20308956
4776,cg11372135
4777,cg21585975
4778,cg01846535
4779,cg24547363
4780,cg05694342
4781,cg03123709
4782,cg09017335
4783,cg22243216
4784,cg03053370
4785,cg18982709
4786,cg20704685
4787,cg21024280
4788,cg26846755
4789,cg03744071
4790,cg08365349
4791,cg14522360
4792,cg05293209
4793,cg11573390
4794,cg23339321
4795,cg10930884
4796,cg18559561
4797,cg12248073
4798,cg01279017
4799,cg19558832
4800,cg20391733
4801,cg17628377
4802,cg10501976
4803,cg10974307
4804,cg12177222
4805,cg16232867
4806,cg23688118
4807,cg23741013
4808,cg03764335
4809,cg09867549
4810,cg02558142
4811,cg02856379
4812,cg25412641
4813,cg10061320
4814,cg10316026
4815,cg20065798
4816,cg21501811
4817,cg26804258
4818,cg03640465
4819,cg17396712
4820,cg01778608
4821,cg07953867
4822,cg00989059
4823,cg17635494
4824,cg05670994
4825,cg15172885
4826,cg15633878
4827,cg24969496
4828,cg09052185
4829,cg01221418
4830,cg15332264
4831,cg08777477
4832,cg26013408
4833,cg03533500
4834,cg16185742
4835,cg04351468
4836,cg13449099
4837,cg23397377
4838,cg10519368
4839,cg24914644
4840,cg00590602
4841,cg26201776
4842,cg07642767
4843,cg11872443
4844,cg03138675
4845,cg20831491
4846,cg09987261
4847,cg08291957
4848,cg16546635
4849,cg10411706
4850,cg00976692
4851,cg14883682
4852,cg21842842
4853,cg11752572
4854,cg09692212
4855,cg09961319
4856,cg06715506
4857,cg22427411
4858,cg23513244
4859,cg01567259
4860,cg09994593
4861,cg17326082
4862,cg11612786
4863,cg09923234
4864,cg23375282
4865,cg20269458
4866,cg02939092
4867,cg05165779
4868,cg00422114
4869,cg24990490
4870,cg05868039
4871,cg11623260
4872,cg20567570
4873,cg08944114
4874,cg24126531
4875,cg00668337
4876,cg00670176
4877,cg18173044
4878,cg22661701
4879,cg10863300
4880,cg23809418
4881,cg00903245
4882,cg07397185
4883,cg19516921
4884,cg20198133
4885,cg11108400
4886,cg23905789
4887,cg19238654
4888,cg14748151
4889,cg15789155
4890,cg09896298
4891,cg12539044
4892,cg20929984
4893,cg05403127
4894,cg08242158
4895,cg23130368
4896,cg13659071
4897,cg07559763
4898,cg23342323
4899,cg12665022
4900,cg17809494
4901,cg24825909
4902,cg08245275
4903,cg18702977
4904,cg12376361
4905,cg18162549
4906,cg00947236
4907,cg14767349
4908,cg08157084
4909,cg26111308
4910,cg14459203
4911,cg03454353
4912,cg01280283
4913,cg10138791
4914,cg06486241
4915,cg15900936
4916,cg14402950
4917,cg00479827
4918,cg22192138
4919,cg24727089
4920,cg05581034
4921,cg24380514
4922,cg25991139
4923,cg22796481
4924,cg13582129
4925,cg18565610
4926,cg01077499
4927,cg05867410
4928,cg05001349
4929,cg00565163
4930,cg08227541
4931,cg20522042
4932,cg09041487
4933,cg03969721
4934,cg11387073
4935,cg16390578
4936,cg23207156
4937,cg16535298
4938,cg22412027
4939,cg01406203
4940,cg00455242
4941,cg16650308
4942,cg02607299
4943,cg03695145
4944,cg10068465
4945,cg01939613
4946,cg12228670
4947,cg24634236
4948,cg08153385
4949,cg10858640
4950,cg21202824
4951,cg11322703
4952,cg14127414
4953,cg16894909
4954,cg17019439
4955,cg07711067
4956,cg25046661
4957,cg15049533
4958,cg04173561
4959,cg08108680
4960,cg11453601
4961,cg04353150
4962,cg12566071
4963,cg02107461
4964,cg04394341
4965,cg26081900
4966,cg04733681
4967,cg07685800
4968,cg13845521
4969,cg19682338
4970,cg06198149
4971,cg05725925
4972,cg01433173
4973,cg03433448
4974,cg17133295
4975,cg18652035
4976,cg24384181
4977,cg10898653
4978,cg01662591
4979,cg08130882
4980,cg21411331
4981,cg15686096
4982,cg16876583
4983,cg14513624
4984,cg14999623
4985,cg15340505
4986,cg07205933
4987,cg04941093
4988,cg05832925
4989,cg22456631
4990,cg15384277
4991,cg02628879
4992,cg12787665
4993,cg00200283
4994,cg05290021
4995,cg23145293
4996,cg26610017
4997,cg25872116
4998,cg05243498
4999,cg00041585
5000,cg21330326
5001,cg09489894
5002,cg15249642
5003,cg01713095
5004,cg27287834
5005,cg02139529
5006,cg19866026
5007,cg04125302
5008,cg15794778
5009,cg13476313
5010,cg19770253
5011,cg08606695
5012,cg17796599
5013,cg02757223
5014,cg08620189
5015,cg02656016
5016,cg09090056
5017,cg13309828
5018,cg13161770
5019,cg15680999
5020,cg07872519
5021,cg03582538
5022,cg12094129
5023,cg04863947
5024,cg17821276
5025,cg19076160
5026,ch.3.3016567F
5027,cg10946440
5028,cg26502197
5029,cg08528516
5030,cg02901065
5031,cg05349159
5032,cg08074663
5033,cg02791444
5034,cg08365331
5035,cg03765873
5036,cg13075014
5037,cg18747760
5038,cg08713108
5039,cg06697407
5040,cg25918849
5041,cg13438353
5042,cg15341354
5043,cg15237829
5044,cg03562919
5045,cg23765831
5046,cg01807768
5047,cg19412711
5048,cg12653348
5049,cg06896770
5050,cg10912126
5051,cg13592417
5052,cg17310534
5053,cg14742615
5054,cg11514736
5055,cg17320988
5056,cg22450574
5057,cg19008697
5058,cg26988210
5059,cg06968038
5060,cg03980287
5061,cg09858942
5062,cg06434499
5063,cg10811597
5064,cg06268861
5065,cg16587909
5066,cg16220844
5067,cg20154216
5068,cg03974850
5069,cg20657188
5070,cg25127437
5071,cg18021992
5072,cg13083251
5073,cg21187007
5074,cg20555413
5075,cg17894436
5076,cg00419213
5077,cg07291744
5078,cg16294255
5079,cg26081710
5080,cg27427522
5081,cg06842319
5082,cg03364385
5083,cg17891817
5084,cg08482145
5085,cg23730109
5086,cg08379654
5087,cg06924902
5088,cg02787931
5089,cg19827372
5090,cg16962612
5091,cg20963646
5092,cg22921970
5093,cg05944635
5094,cg27461741
5095,cg15355590
5096,cg19740643
5097,cg07866371
5098,cg08394355
5099,cg13609889
5100,cg27225215
5101,cg08357313
5102,cg03810680
5103,cg17107246
5104,cg07739022
5105,cg00293330
5106,cg06359308
5107,cg10938866
5108,cg14635386
5109,cg25531611
5110,cg21854364
5111,cg24116844
5112,cg12508651
5113,cg04181991
5114,cg03646270
5115,cg17181586
5116,cg03744115
5117,cg05239887
5118,cg11957516
5119,cg09938425
5120,cg13572033
5121,cg20385461
5122,cg02278209
5123,cg00471617
5124,cg10839549
5125,cg09752514
5126,cg01420674
5127,cg07155803
5128,cg22106628
5129,cg09081202
5130,cg27640257
5131,cg14015757
5132,cg03388641
5133,cg26222222
5134,cg01301587
5135,cg09804407
5136,cg16626452
5137,cg03726015
5138,cg00146490
5139,cg16443079
5140,cg03178468
5141,cg13887050
5142,cg02938774
5143,cg14623940
5144,cg22784247
5145,cg20257947
5146,cg08481002
5147,cg26709433
5148,cg25985455
5149,cg12083150
5150,cg03569420
5151,cg06140667
5152,cg22169467
5153,cg16518008
5154,cg14723158
5155,cg18650027
5156,cg01577070
5157,cg05384467
5158,cg21669640
5159,cg17056703
5160,cg21630843
5161,cg22909949
5162,cg14391684
5163,cg03764900
5164,cg03123940
5165,cg05594914
5166,cg01785151
5167,cg26644917
5168,cg01757887
5169,cg16672940
5170,cg25443613
5171,cg07900544
5172,cg26009260
5173,cg10115321
5174,cg13592931
5175,cg08036763
5176,cg02351219
5177,cg09039745
5178,cg01672987
5179,cg17366224
5180,cg21526469
5181,cg01914238
5182,cg22646785
5183,cg07396062
5184,cg03266527
5185,cg15974300
5186,cg15873830
5187,cg24199132
5188,cg15244290
5189,cg11562253
5190,cg19864342
5191,cg15503544
5192,cg27399080
5193,ch.1.385573R
5194,cg22257386
5195,cg06297160
5196,cg19894279
5197,cg03108651
5198,cg11734019
5199,cg24303062
5200,cg06516465
5201,cg00477577
5202,cg21992769
5203,cg12579362
5204,cg07636809
5205,cg26067074
5206,cg03033632
5207,cg15277338
5208,cg27569423
5209,cg12531784
5210,cg26565420
5211,cg21986118
5212,cg13903503
5213,cg21812850
5214,cg14470729
5215,cg05846471
5216,cg05198817
5217,cg07059889
5218,cg04422164
5219,cg05195221
5220,cg03312856
5221,cg26563723
5222,cg13734392
5223,cg26705330
5224,cg05545634
5225,cg12356796
5226,cg06288552
5227,cg14749747
5228,cg14270413
5229,cg09331844
5230,cg02616328
5231,cg04300150
5232,cg14976468
5233,cg21811052
5234,cg16736235
5235,cg24156716
5236,cg17630079
5237,cg09428856
5238,cg02532894
5239,cg25889896
5240,cg22351390
5241,cg26307233
5242,cg01889554
5243,cg10947983
5244,cg08212407
5245,cg21763653
5246,cg13764830
5247,cg26464592
5248,cg15807633
5249,cg23673732
5250,cg21148115
5251,cg05987705
5252,cg19116956
5253,cg15506192
5254,cg09748881
5255,cg07488410
5256,cg18433943
5257,cg22275446
5258,cg21878015
5259,cg12901186
5260,cg18283342
5261,cg12785090
5262,cg07236652
5263,cg01500431
5264,cg03403606
5265,cg17608322
5266,cg27135766
5267,cg06250511
5268,cg08617218
5269,cg12468315
5270,cg22041803
5271,cg19831946
5272,cg07810711
5273,cg16541385
5274,cg09908442
5275,cg04492396
5276,cg07784451
5277,cg27079079
5278,cg21893059
5279,cg02703494
5280,cg22998101
5281,cg07706850
5282,cg17446274
5283,cg08881938
5284,cg14721110
5285,cg24500222
5286,cg24428837
5287,cg25812123
5288,cg17467670
5289,cg07825983
5290,cg14394151
5291,cg04198854
5292,cg16707386
5293,cg26263138
5294,cg05662386
5295,cg20235466
5296,cg26779265
5297,cg01309118
5298,cg22610549
5299,cg19130458
5300,cg02995651
5301,cg15336210
5302,cg09929782
5303,cg22504140
5304,cg16292375
5305,cg19790752
5306,cg04722247
5307,cg06652386
5308,cg26275419
5309,cg12612208
5310,cg03590002
5311,cg19701810
5312,cg08342837
5313,cg23854042
5314,cg21316771
5315,cg12228627
5316,cg26620670
5317,cg12210659
5318,cg16561226
5319,cg10966181
5320,cg23199815
5321,cg05806819
5322,cg18857647
5323,cg09435729
5324,cg21451841
5325,cg04530366
5326,cg25268697
5327,cg17968231
5328,cg08036554
5329,cg15320651
5330,cg19563976
5331,cg01019631
5332,cg05081155
5333,cg14120340
5334,cg12140212
5335,cg24765309
5336,cg09587187
5337,cg01648869
5338,cg13280276
5339,cg10417809
5340,cg26218380
5341,cg03883761
5342,cg01835443
5343,cg03524173
5344,cg08359343
5345,cg03965138
5346,cg04728840
5347,cg12121052
5348,cg23663942
5349,cg19576778
5350,cg26119875
5351,cg08766616
5352,cg05197228
5353,cg21999948
5354,cg26999807
5355,cg21826606
5356,cg03600687
5357,cg19468472
5358,cg27648147
5359,cg23239675
5360,cg18748303
5361,cg24778286
5362,cg03577779
5363,cg05635543
5364,cg17754464
5365,cg13149454
5366,cg02424425
5367,cg05643223
5368,cg10096454
5369,cg15465836
5370,cg06892384
5371,cg06289177
5372,cg10395926
5373,cg19043679
5374,cg03288838
5375,cg23531822
5376,cg02297110
5377,cg04623486
5378,cg10051237
5379,cg26161697
5380,cg06952129
5381,cg03167320
5382,cg06533086
5383,cg05495240
5384,cg26827441
5385,cg27150158
5386,cg05031960
5387,cg10674387
5388,cg26888315
5389,cg05882365
5390,cg13556193
5391,cg04793911
5392,cg10775753
5393,cg03247011
5394,cg11816202
5395,cg06877333
5396,cg02338947
5397,cg22286521
5398,cg14419353
5399,cg10227061
5400,cg10226467
5401,cg08817797
5402,cg09418336
5403,cg01335710
5404,cg08180998
5405,cg14296532
5406,cg03146160
5407,cg02851952
5408,cg06558765
5409,cg18115577
5410,cg13999798
5411,cg26555801
5412,cg06457749
5413,cg19797700
5414,cg13654097
5415,cg05168668
5416,cg14825612
5417,cg24441954
5418,cg05976115
5419,cg09791080
5420,cg02294816
5421,cg14651891
5422,cg04892437
5423,cg19157311
5424,cg13825033
5425,cg04637881
5426,cg01254501
5427,cg17503814
5428,cg08131086
5429,cg12747014
5430,cg05691311
5431,cg09532664
5432,cg07522661
5433,cg26879023
5434,cg01682915
5435,cg10326472
5436,cg24476365
5437,cg06214217
5438,cg02403546
5439,cg06992512
5440,cg14444651
5441,cg25059303
5442,cg25638515
5443,cg00253126
5444,cg15129653
5445,cg25032722
5446,cg17964539
5447,cg03930849
5448,cg12232240
5449,cg09653816
5450,cg00777733
5451,cg20260904
5452,cg25923629
5453,cg06672736
5454,cg01124926
5455,cg25477831
5456,cg22034261
5457,cg23187735
5458,cg09613464
5459,cg03390535
5460,cg22182854
5461,cg25674570
5462,cg06568768
5463,cg15960656
5464,cg20423093
5465,cg26128147
5466,cg09365107
5467,cg17976473
5468,cg15195148
5469,cg14484324
5470,cg03294202
5471,cg07859596
5472,cg17044529
5473,cg15431336
5474,cg27295145
5475,cg13027369
5476,cg09857096
5477,cg19148124
5478,cg10154200
5479,cg00325112
5480,cg13739333
5481,cg14239477
5482,cg26116664
5483,cg10843076
5484,cg01943200
5485,cg07827441
5486,cg25928860
5487,cg24207904
5488,cg03664443
5489,cg16372976
5490,cg26043460
5491,cg01470323
5492,cg15444681
5493,cg13941476
5494,cg16119776
5495,cg01540358
5496,cg03494844
5497,cg07836401
5498,cg13633026
5499,cg20667794
5500,cg08199273
5501,cg08554146
5502,cg16466260
5503,cg13627129
5504,cg09762913
5505,cg14119788
5506,cg09034467
5507,cg19825714
5508,cg20983125
5509,cg14649060
5510,cg22653982
5511,cg00144201
5512,cg09389201
5513,cg02984151
5514,cg25517361
5515,cg15253861
5516,cg03775342
5517,cg20434604
5518,cg09233300
5519,cg01095518
5520,cg24343543
5521,cg01679167
5522,cg20361843
5523,cg19122030
5524,cg21342536
5525,cg19580166
5526,cg15393936
5527,cg03095028
5528,cg23078678
5529,cg11888470
5530,cg10500796
5531,cg19244032
5532,cg22426729
5533,cg00234645
5534,cg20144469
5535,cg05646854
5536,cg10376100
5537,cg22548088
5538,cg10334642
5539,cg15654485
5540,cg17598466
5541,cg18316192
5542,cg05450351
5543,cg09139923
5544,cg10247165
5545,cg21150347
5546,cg20311843
5547,cg14249990
5548,cg11355808
5549,cg11385067
5550,cg15528879
5551,cg02295170
5552,cg18002615
5553,cg23140777
5554,cg17148351
5555,cg12582263
5556,cg12914972
5557,cg09886024
5558,cg04962185
5559,cg14825858
5560,cg06564407
5561,cg02582450
5562,cg05028259
5563,cg11791288
5564,cg06662978
5565,cg15208342
5566,cg07137609
5567,cg01473123
5568,cg04613576
5569,cg22292151
5570,cg02652138
5571,cg14271894
5572,cg03579987
5573,cg05991929
5574,cg21122424
5575,cg04767599
5576,cg25304462
5577,cg01463110
5578,cg01775781
5579,cg07090069
5580,cg07642937
5581,cg22173373
5582,cg09368302
5583,cg02075854
5584,cg25501666
5585,cg09994094
5586,cg20117387
5587,cg19979388
5588,cg19293650
5589,cg15721238
5590,cg23320464
5591,cg07219743
5592,cg07714001
5593,cg20512925
5594,cg22926960
5595,cg04565340
5596,cg09524591
5597,cg21479923
5598,cg08121408
5599,cg24049294
5600,cg08344390
5601,cg17916628
5602,cg17291907
5603,cg07208354
5604,cg00183770
5605,cg19139764
5606,cg00789540
5607,cg01235489
5608,cg03286000
5609,cg09533074
5610,cg16292782
5611,cg14463467
5612,cg00418160
5613,cg04334549
5614,cg26198148
5615,cg00906360
5616,cg10363715
5617,cg05490608
5618,cg03737947
5619,cg10305829
5620,cg19869212
5621,cg02724866
5622,cg06808522
5623,cg12365956
5624,cg01253711
5625,cg12534577
5626,cg11590144
5627,cg00153990
5628,cg24649857
5629,cg16699546
5630,cg23078267
5631,cg05751189
5632,cg18416761
5633,cg10964717
5634,cg06877317
5635,cg14248811
5636,cg20089360
5637,cg13997780
5638,cg20628209
5639,cg22871229
5640,cg24492304
5641,cg18037846
5642,cg03194786
5643,cg23379040
5644,cg20032355
5645,cg12072822
5646,cg24675402
5647,cg05272661
5648,cg09886258
5649,cg27052772
5650,cg11421132
5651,cg00803074
5652,cg16461416
5653,cg14661652
5654,cg06551697
5655,cg10056799
5656,cg03813721
5657,cg21479603
5658,cg20431196
5659,cg04972340
5660,cg00727777
5661,cg10339704
5662,cg13301558
5663,cg22806233
5664,cg26062244
5665,cg14027817
5666,cg05634552
5667,cg25226066
5668,cg04995753
5669,cg18458153
5670,cg06133285
5671,cg05825559
5672,cg20968048
5673,cg26247107
5674,cg09565472
5675,cg25353782
5676,cg15119735
5677,cg15394321
5678,cg19711916
5679,cg19181051
5680,cg15546412
5681,cg10772532
5682,cg00088033
5683,cg01802916
5684,cg22424122
5685,cg25969765
5686,cg15485373
5687,cg04799002
5688,cg00063477
5689,cg18615537
5690,cg14550340
5691,cg07259358
5692,cg02340092
5693,cg23045317
5694,cg23848666
5695,cg05555194
5696,cg08823446
5697,cg06842414
5698,cg18953459
5699,cg25173129
5700,cg12504912
5701,cg02909936
5702,cg03055131
5703,cg16622095
5704,cg07544956
5705,cg19648023
5706,cg23126176
5707,cg23393046
5708,cg00639218
5709,cg08491105
5710,cg05252329
5711,cg26896908
5712,cg09408462
5713,cg00567916
5714,cg22042316
5715,cg12910931
5716,cg08485288
5717,cg02808656
5718,cg16074241
5719,cg18611399
5720,cg17128475
5721,cg10801034
5722,cg07569585
5723,cg13716848
5724,cg08898273
5725,cg17413612
5726,cg07343697
5727,cg02395375
5728,cg13818168
5729,cg09230658
5730,cg23855802
5731,cg14924906
5732,cg23325355
5733,cg04088583
5734,cg11334475
5735,cg11619524
5736,cg22681945
5737,cg08989409
5738,cg22047012
5739,cg15747671
5740,cg04226929
5741,cg13764124
5742,cg11754598
5743,cg10285577
5744,cg15794909
5745,cg01195881
5746,cg01574642
5747,cg14970481
5748,cg15014361
5749,cg16669135
5750,cg20928596
5751,cg09591157
5752,cg25357185
5753,cg25258605
5754,cg12154751
5755,cg09306696
5756,cg06637768
5757,cg12724317
5758,cg01543871
5759,cg14271520
5760,cg14196676
5761,cg18077422
5762,cg07481066
5763,cg14230089
5764,cg14523822
5765,cg02217289
5766,cg07971231
5767,cg03666323
5768,cg20620756
5769,cg07784683
5770,cg16661266
5771,cg12733590
5772,cg07281364
5773,cg02420138
5774,cg04164130
5775,cg05073382
5776,cg06849123
5777,cg15355800
5778,cg07870295
5779,cg12251488
5780,cg15823896
5781,cg17913570
5782,cg25220992
5783,cg12975130
5784,cg23144349
5785,cg11835797
5786,cg03742951
5787,cg11096309
5788,cg21043723
5789,cg15404093
5790,cg11637017
5791,cg16468828
5792,cg17758808
5793,cg01840665
5794,cg01933308
5795,cg07009486
5796,cg11778734
5797,cg03499806
5798,cg13782382
5799,cg01228438
5800,cg26463402
5801,cg11502186
5802,cg06725339
5803,cg14484845
5804,cg15884546
5805,cg03546904
5806,cg11741455
5807,cg14542504
5808,cg15211500
5809,cg07404046
5810,cg14133106
5811,cg22518204
5812,cg09117417
5813,cg24006402
5814,cg17149765
5815,cg22747207
5816,cg10881322
5817,cg09369406
5818,cg16247409
5819,cg03064754
5820,cg17927867
5821,cg22515639
5822,cg01626918
5823,cg10995422
5824,cg24063405
5825,cg26557993
5826,cg14157445
5827,cg15224620
5828,cg07467492
5829,cg06762111
5830,cg15202874
5831,cg10073693
5832,cg09495582
5833,cg03905640
5834,cg26379583
5835,cg17161697
5836,cg18489232
5837,cg03661789
5838,cg08753678
5839,cg04407141
5840,cg15568276
5841,cg18535881
5842,cg25934800
5843,cg20285274
5844,cg13312387
5845,cg25485144
5846,cg07442283
5847,cg20202267
5848,cg02856798
5849,cg05706624
5850,cg08003958
5851,cg11835200
5852,cg12479705
5853,cg09351524
5854,cg25481364
5855,cg27619831
5856,cg00698060
5857,cg25838230
5858,cg20084552
5859,cg13482207
5860,cg25014159
5861,cg24074981
5862,cg02847734
5863,cg10214938
5864,cg12940646
5865,cg19482261
5866,cg22345964
5867,cg07064231
5868,cg03476366
5869,cg15625392
5870,cg06645192
5871,cg25661926
5872,cg17388779
5873,cg04918256
5874,cg04923738
5875,cg00100549
5876,cg15803556
5877,cg12869931
5878,cg17878199
5879,cg21701692
5880,cg02282391
5881,cg01412630
5882,cg24884985
5883,cg01898166
5884,cg12190407
5885,cg08455905
5886,cg15306362
5887,cg11188210
5888,cg08213575
5889,cg20414484
5890,cg19303692
5891,cg23810370
5892,cg19989243
5893,cg10351422
5894,cg02046281
5895,cg17901463
5896,cg10565256
5897,cg01353621
5898,cg26894033
5899,cg27019757
5900,cg00203621
5901,cg05902075
5902,cg24010371
5903,cg02695864
5904,cg02942197
5905,cg09342874
5906,cg11936111
5907,cg18685724
5908,cg21163739
5909,cg13416797
5910,cg24078653